paperid,studyid,reportid,title,keywords,number_of_total_participants,number_of_total_male,number_of_total_female,from_age,to_age,mean_age,sd_age,type_of_visual_display,type_of_audio,type_of_applications,specific_terms,ipq_in_language,is_ipq_used_right,paper_note,total_duration,number_of_user_studies,study_name,duration_of_stay,number_of_study_participants,number_of_study_male,number_of_study_female,from_age_study,to_age_study,mean_age_study,sd_age_study,experiment_design,how_score_is_reported,report_style,report_form,when_the_questionnaire_is_filled,is_score_reported_for_each_time,analysis_techniques,posthoc_tests,finding,number_of_conditions,score_scale,condition_name,element_name,is_interaction,participant_per_element,totalSP,totalINV,totalREAL,totalGP,totalTOTAL,meanSP,meanINV,meanREAL,meanGP,meanTOTAL,sdSP,sdINV,sdREAL,sdGP,sdTOTAL,otherSP,otherINV,otherREAL,otherGP,otherTOTAL,cites,authors,year,source,publisher,articleURL,citesURL,gsRank,queryDate,type,doi,issn,citationURL,volume,issue,startPage,endPage,ecc,citesPerYear,citesPerAuthor,authorCount,age,isIPQUsed,topic,note,standard_total,standard_total_each_item,is_subscale_fully_reported,standard_sp,standard_inv,standard_real,standard_gp,standard_sp_each_item,standard_inv_each_item,standard_real_each_item,standard_gp_each_item,visual_display,rating_scale_sp,rating_scale_inv,rating_scale_real,rating_scale_gp
51,52,52,"How deep is your SNARC? Interactions between numerical magnitude, response hands, and reachability in peripersonal space","SNARC effect, theory of magnitude, embodied numerical cognition, virtual reality, motion capture",32,9-Jun,7-Oct,19/19,30/29,22.3/22.0,2.8/2.8,3D Graphics - HMD VR,Unknown,"Education and training,Social Science and psychology",,Not Mentioned,Not Sure,,90-120,1,Study 1,,32,,,,,,,within-subject,each component,/Mean/SD/,Other,After,No,"TTest,Pearson correlation ",,,2,6,Whole Experiment,Whole Study,No,32,,,,,,4.18,2.51,2.3,,2.99,,,,,,0.13,0.2,0.14,,0.13,1,J Lohmann; PA Schroeder; HC Nuerk�,2018,Frontiers in��,frontiersin.org,https://www.frontiersin.org/articles/10.3389/fpsyg.2018.00622/abstract,https://scholar.google.com/scholar?cites=11702033105816953080&as_sdt=2005&sciodt=0;5&hl=en,170,43628,,,,,,,,,1,1,0,4,1,YES,Learning,,-0.14,-0.01,TRUE,5.9,-1.96,-2.8,-1.28,1.18,-0.49,-0.7,-1.28,3D Graphics - HMD VR,Good,Bad,Fair,Worst
138,148,148,Cognitive factors can influence self-motion perception (vection) in virtual reality,"Ego–motion simulation, psychophysics, spatial orientation, spatial presence, vection, virtual reality",22,,,,,,,Projection Display,Stereo sound,"Design and visualization,Social Science and psychology",,Not Mentioned,Not Sure,,,2,Study 1,,12,,5,17,34,23.8,5,within-subject,each component,/Mean//,Chart,After,No,"ANOVA, paired-samples correlations",post hoc analysis with Bonferroni-corrected p,,2,17,Whole Experiment,Whole Study,No,12,0,0,0,0,0,0,0,0,0,0,0,0,0,0,0,0,0,0,0,0,83,BE Riecke; J Schulte-Pelkum; MN Avraamides�,2006,ACM Transactions on��,dl.acm.org,https://dl.acm.org/citation.cfm?id=1166091,https://scholar.google.com/scholar?cites=13511144545204386730&as_sdt=2005&sciodt=0;5&hl=en,79,43628,,,,,,,,,83,6.38,21,4,13,YES,Vection,,-11.445,-0.8175,TRUE,-3.9375,-2.25,-4.94,-0.7825,-0.7875,-0.5625,-1.235,-0.7825,Projection Display,Worst,Poor,Bad,Worst
36,37,37,Deficits in episodic memory and mental time travel in patients with post-traumatic stress disorder,"PTSD, Episodic memory, What-where-when task, Mental time travel, Virtual reality, Anxiety, Stressor-related disorders",42,8,34,,,,,3D Graphics - Monoscopic,Unknown,Healthcare and clinical therapies,Post-traumatic stress disorder,Not Mentioned,Not Sure,,,1,Study 1,13,42,4-Apr,17/17,18/18,55/53,34.6/34.2,11.9/11.8,between-subject,each component,/Mean/SD/,Other,After,No,ANOVA,,,2,6,Whole Experiment,Whole Study,No,42,0,0,0,0,0,0,0,0,0,0,0,0,0,0,0,0,0,0,0,0,0,A Zlomuzica; ML Woud; A Machulska; K Kleimt�,2018,cog.psy.ruhr-uni-bochum.de,,http://www.cog.psy.ruhr-uni-bochum.de/papers/2018/Zlomuzica_PTSDMentalTimeTravel_PNPBP(2018).pdf,,175,43628,PDF,,,,,,,,0,0,0,5,,YES,,,-10.85,-0.775,TRUE,-2.65,-2,-5.5,-0.7,-0.53,-0.5,-1.375,-0.7,3D Graphics - Monoscopic,Worst,Bad,Bad,Worst
138,149,149,Cognitive factors can influence self-motion perception (vection) in virtual reality,"Ego–motion simulation, psychophysics, spatial orientation, spatial presence, vection, virtual reality",22,,,,,,,Projection Display,Stereo sound,"Design and visualization,Social Science and psychology",,Not Mentioned,Not Sure,,,2,Study 2,,10,,,17,27,22.8,2.7,within-subject,each component,/Mean//,Chart,After,No,"TTest,Paired-Samples Correlations",,,2,17,Whole Experiment,Whole Study,No,10,0,0,0,0,0,0,0,0,0,0,0,0,0,0,0,0,0,0,0,0,83,BE Riecke; J Schulte-Pelkum; MN Avraamides�,2006,ACM Transactions on��,dl.acm.org,https://dl.acm.org/citation.cfm?id=1166091,https://scholar.google.com/scholar?cites=13511144545204386730&as_sdt=2005&sciodt=0;5&hl=en,79,43628,,,,,,,,,83,6.38,21,4,13,YES,Vection,,-4.41,-0.315,TRUE,0.4,-1.56,-3,-0.2,0.08,-0.39,-0.75,-0.2,Projection Display,Bad,Bad,Poor,Worst
3,3,3,Influence of personality and individual abilities on the sense of presence experienced in anxiety triggering virtual environments,"Individual differences, Anxiety, Personality, Intelligence, Sense of presence, Virtual reality",210,37,173,18,45,23.19,3.76,3D Graphics - HMD VR,Stereo sound,Social Science and psychology,Individual differences,Not Mentioned,Not Sure,,120,1,Study 1,58,210,Aug-29,60/113,19/18,34/45,22.35/23.58,2.67/4.12,between-subject,each component,/Mean/SD/,Other,After,No,ANOVA,,,3,17,Whole Experiment,Whole Study,No,210,0,0,0,0,0,0,0,0,0,0,0,0,0,0,0,0,0,0,0,0,78,I Alsina-Jurnet; J Guti�rrez-Maldonado,2010,International journal of human��,Elsevier,https://www.sciencedirect.com/science/article/pii/S1071581910000868,https://scholar.google.com/scholar?cites=2159830824679308184&as_sdt=2005&sciodt=0;5&hl=en,57,43628,,,,,,,,,78,8.67,39,2,9,YES,Individual Difference,,-10.08,-0.72,TRUE,-2.175,-3.4,-4.24,-0.1975,-0.435,-0.85,-1.06,-0.1975,3D Graphics - HMD VR,Poor,Poor,Poor,Poor
46,47,47,Optimized HMD System for Underwater VR Experience,"Head-mounted display (HMD), Virtual reality, Wearable devices",6,6,0,18,22,,,3D Graphics - HMD VR,Unknown,"Entertainment and game,Interaction techniques,Other",,Not Mentioned,Not Sure,,,1,Study 1,,6,,,,,,,within-subject,each component,/Mean/SD/,Other,Unknown,No,,,,2,6,Whole Experiment,Whole Study,No,6,0,0,0,0,0,0,0,0,0,0,0,0,0,0,0,0,0,0,0,0,4,H Osone; T Yoshida; Y Ochiai,2017,International Conference on Advances in …,Springer,https://link.springer.com/chapter/10.1007/978-3-319-76270-8_31,https://scholar.google.com/scholar?cites=12221140667045943805&as_sdt=2005&sciodt=0;5&hl=en,333,43676,,,,,,,,,4,2,1,3,,DUPLICATED,,,0.63,0.045,TRUE,0.175,0.44,0.2,-0.185,0.035,0.11,0.05,-0.185,3D Graphics - HMD VR,Bad,Fair,Good,Poor
81,82,82,Towards lean and elegant self-motion simulation in virtual reality,"Vection, self-motion illusion, spatial orientation, virtual reality, motion simulation, human factors, psychophysics, multi-modal cue integration, vibrations, auditory cues",53,,,,,,,Projection Display,Surround sound,Social Science and psychology,,Not Mentioned,Not Sure,,,3,Study 1,,12,,,,,,,within-subject,each component,/Mean/SD/,Chart,After,No,"TTest,two-tailed t-test",,,2,17,Whole Experiment,Whole Study,No,12,0,0,0,0,0,0,0,0,0,0,0,0,0,0,0,0,0,0,0,0,79,BE Riecke; J Schulte-Pelkum…,2005,… . VR 2005. Virtual …,ieeexplore.ieee.org,https://ieeexplore.ieee.org/abstract/document/1492765/,https://scholar.google.com/scholar?cites=3287997044791535940&as_sdt=2005&sciodt=0;5&hl=en,48,43627,,,,,,,,,79,5.64,26,3,,YES,Vection,,-4.06,-0.29,TRUE,-2.4,0.38,-2.46,-0.125,-0.48,0.095,-0.615,-0.125,Projection Display,Worst,Fair,Fair,Poor
118,126,126,How does interface influence the level of analgesia when Virtual Reality distraction is used?,"virtual reality, pain tolerance, analgesia, virtual environment, thermal stimulation",66,,,,,,,3D Graphics - HMD VR,Stereo sound,"Design and visualization,Healthcare and clinical therapies,Social Science and psychology",,Not Mentioned,Not Sure,,,1,Study 1,4,66,Dec-16,19/19,19/19,30/33,21.77/22.37,,between-subject,each component,/Mean/SD/,Other,After,No,U-Mann Whitney test,,,2,17,Whole Experiment,Whole Study,No,66,0,0,0,0,0,0,0,0,0,0,0,0,0,0,0,0,0,0,0,0,3,J Piskorz; M Czub; K Urbańska; M Mrula…,2014,Polish Journal of …,degruyter.com,https://www.degruyter.com/downloadpdf/j/pjap.2014.12.issue-1/pjap-2015-0003/pjap-2015-0003.xml,https://scholar.google.com/scholar?cites=4707122335806932803&as_sdt=2005&sciodt=0;5&hl=en,343,43676,PDF,,,,,,,,3,0.6,1,5,,YES,Analgesia,Unknown Scale,-16.31,-1.165,TRUE,-4.45,-3.78,-8.08,-0.09,-0.89,-0.945,-2.02,-0.09,3D Graphics - HMD VR,Worst,Worst,Worst,Poor
49,50,50,Evaluation of FlowVR: a virtual reality game for improvement of depressive mood,"virtual reality, depression, mood, therapy, flow",18,9,9,18,55,25.9,10.5,"3D Graphics - Monoscopic,3D Graphics - HMD VR",No sound,"Healthcare and clinical therapies,Social Science and psychology",,Not Mentioned,Not Sure,,,1,Study 1,5.83,18,,,,,,,within-subject,each component,/Mean/SD/,Other,After,No,Shapiro-Wilk test; Wilcoxon-Mann-Whitney-Test; Friedman-Test,,,2,6,Whole Experiment,Whole Study,No,18,0,0,0,0,0,0,0,0,0,0,0,0,0,0,0,0,0,0,0,0,1,L Bittner; F Mostajeran; F Steinicke; J Gallinat; S K�hn,2018,bioRxiv,biorxiv.org,https://www.biorxiv.org/content/10.1101/451245v1.abstract,https://scholar.google.com/scholar?cites=9197651944647077710&as_sdt=2005&sciodt=0;5&hl=en,85,43628,,,,,,,,,1,1,0,5,1,YES,Therapy,,-4.806666667,-0.343333333,TRUE,-0.116666667,-0.253333333,-4.306666667,-0.073333333,-0.023333333,-0.063333333,-1.076666667,-0.073333333,3D Graphics - HMD VR,Bad,Fair,Bad,Poor
4,4,4,Is virtual reality emotionally arousing? Investigating five emotion inducing virtual park scenarios,"Virtual reality, Presence, Mood induction, Emotion, Physiological measure, Electrodermal activity",120,59,61,,,24.89,4.398,3D Graphics - HMD VR,Unknown,Social Science and psychology,Emotion,German,Not Sure,,,1,Study 1,,120,,,,,,,between-subject,each component,/Mean/SD/,Other,Unknown,No,MANOVA,,Did not find this link between presence and self-reported emotional states. ,1,17,Whole Experiment,Whole Study,No,120,0,0,0,0,0,0,0,0,0,0,0,0,0,0,0,0,0,0,0,0,71,A Felnhofer; OD Kothgassner; M Schmidt�,2015,International journal of��,Elsevier,https://www.sciencedirect.com/science/article/pii/S1071581915000981,https://scholar.google.com/scholar?cites=13346451287724144593&as_sdt=2005&sciodt=0;5&hl=en,20,43628,,,,,,,,,71,17.75,18,4,4,YES,Emotion,Unknown Scale,0.241666667,0.017261905,TRUE,1.291666667,0.85,-1.85,-0.05,0.258333333,0.2125,-0.4625,-0.05,3D Graphics - HMD VR,Fair,Fair,Fair,Bad
105,110,110,Darkness-enhanced startle responses in ecologically valid environments: a virtual tunnel driving experiment,"Startle reflex, Context, Anxiety, Virtual reality",26,,19,19,47,22.31,5.45,3D Graphics - HMD VR,Stereo sound,"Healthcare and clinical therapies,Social Science and psychology",,Not Mentioned,Not Sure,,,1,Study 1,,26,,,,,,,within-subject,each component,/Mean/SD/,Other,After,No,MANOVA,,,2,-33,Whole Experiment,Whole Study,No,26,0,0,0,0,0,0,0,0,0,0,0,0,0,0,0,0,0,0,0,0,53,A Mühlberger; MJ Wieser; P Pauli,2008,Biological psychology,Elsevier,https://www.sciencedirect.com/science/article/pii/S0301051107001500,https://scholar.google.com/scholar?cites=2155145112227060337&as_sdt=2005&sciodt=0;5&hl=en,113,43676,,,,,,,,,53,4.82,18,3,,YES,Anxiety,Unknown Scale,0.19,0.013571429,TRUE,2.15,0.74,-2.7,-0.04,0.43,0.185,-0.675,-0.04,3D Graphics - HMD VR,Fair,Fair,Fair,Bad
16,17,17,Can decision-making skills affect responses to psychological stress in healthy women?,"Stress, Decision-making, Cortisol, TSST, Virtual reality",40,,,,,28,11.08,Other,Stereo sound,Social Science and psychology,Stress; Decision-making;,Not Mentioned,Not Sure,,90,1,Study 1,,38,,,,,29.52/25.36,12.03/7.75,within-subject,each component,/Mean/SD/,Other,After,No,TTest,,,1,-33,Whole Experiment,Whole Study,No,38,0,0,0,0,0,0,0,0,0,0,0,0,0,0,0,0,0,0,0,0,27,A Santos-Ruiz; MC Garcia-Rios�,2012,�,Elsevier,https://www.sciencedirect.com/science/article/pii/S0306453012001345,https://scholar.google.com/scholar?cites=15404127022972111759&as_sdt=2005&sciodt=0;5&hl=en,25,43628,,,,,,,,,27,3.86,9,3,7,YES,Stress,,-0.915,-0.065357143,TRUE,0.58,1.735,-3.205,-0.025,0.116,0.43375,-0.80125,-0.025,3D Graphics - Monoscopic,Bad,Fair,Poor,Bad
42,43,43,Delay compensation for a telepresence system with 3d 360 degree vision based on deep head motion prediction and dynamic fov adaptation,"3D vision, telepresence, virtual reality, remote reality, omnidirectional vision",13,9,4,,,25.38,5.18,3D Graphics - HMD VR,Unknown,"Interaction techniques,Social Science and psychology",Telepresence,Not Mentioned,Not Sure,,,1,Study 1,0.75,13,,,,,,,within-subject,each component,/Mean/SD/,Chart,After,No,ANOVA,,,2,6,Whole Experiment,Whole Study,No,13,0,0,0,0,0,0,0,0,0,0,0,0,0,0,0,0,0,0,0,0,3,T Aykut; M Karimi; C Burgmair�,2018,IEEE Robotics and��,ieeexplore.ieee.org,https://ieeexplore.ieee.org/abstract/document/8429079/,https://scholar.google.com/scholar?cites=8422483897848827086&as_sdt=2005&sciodt=0;5&hl=en,309,43628,,,,,,,,,3,3,1,4,1,YES,Telepresence,,-1.476666667,-0.10547619,TRUE,-0.406666667,0.088333333,-1.141666667,-0.016666667,-0.081333333,0.022083333,-0.285416667,-0.016666667,3D Graphics - HMD VR,Poor,Fair,Fair,Bad
10,11,11,Effects of different types of virtual reality display on presence and learning in a safety training scenario,"Virtual reality, displays, fidelity, training, user study, aviation, safety",96,55,41,18,36,23.81,3.58,"3D Graphics - Monoscopic,3D Graphics - HMD VR",Stereo sound,Education and training,Training,Not Mentioned,Not Sure,,,1,Study 1,,96,18/19/18,14/13/14,,,24.53/23.84/23.06,3.82/4.07/2.65,between-subject,each component,/Mean/SD/,Other,After,No,ANCOVA,Bonferroni test,,1,6,Whole Experiment,Whole Study,No,96,0,0,0,0,0,0,0,0,0,0,0,0,0,0,0,0,0,0,0,0,43,F Buttussi; L Chittaro,2017,IEEE transactions on visualization and��,ieeexplore.ieee.org,https://ieeexplore.ieee.org/abstract/document/7817889/,https://scholar.google.com/scholar?cites=1482394720363540760&as_sdt=2005&sciodt=0;5&hl=en,244,43628,,,,,,,,,43,21.5,22,2,2,YES,Training,Report SE,2.8,0.2,TRUE,1.416666667,3.08,-1.706666667,0.023333333,0.283333333,0.77,-0.426666667,0.023333333,3D Graphics - HMD VR,Fair,Good,Fair,Bad
22,23,23,Powered wheelchair simulator development: implementing combined navigation-reaching tasks with a 3D hand motion controller,"Virtual reality, Powered wheelchair, Training, Reaching, Navigation, Rehabilitation",12,8,4,36,60,50.1,9.1,"3D Graphics - Monoscopic,Other",Unknown,"Interaction techniques,Social Science and psychology",Virtual reality,Not Mentioned,Not Sure,,,1,Study 1,15,12,,,,,,,within-subject,each component,/Mean/SD/,Chart,After,No,TTest,,,1,6,Whole Experiment,Whole Study,No,12,0,0,0,0,0,0,0,0,0,0,0,0,0,0,0,0,0,0,0,0,17,G Tao; PS Archambault,2016,Journal of��,jneuroengrehab.biomedcentral.com,https://jneuroengrehab.biomedcentral.com/articles/10.1186/s12984-016-0112-2,https://scholar.google.com/scholar?cites=17314908123693819291&as_sdt=2005&sciodt=0;5&hl=en,203,43628,HTML,,,,,,,,17,5.67,9,2,3,YES,Interaction,,-1.38,-0.098571429,TRUE,-0.04,0.06,-1.4,0.09,-0.008,0.015,-0.35,0.09,3D Graphics - Monoscopic,Bad,Fair,Fair,Bad
128,136,136,The Influence of Autonomous Movement on Adverse Events in Relaxing Virtual Environments Using a Head-Mounted Display: An Exploratory Study,"Virtual Reality, adverse events, Cybersickness, Head-Mounted Display, HMD",30,,,18,63,39.5,11.7,3D Graphics - HMD VR,Unknown,"Design and visualization,Interaction techniques,Social Science and psychology",,Not Mentioned,Not Sure,,,1,Study 1,,30,,,,,,,within-subject,each component,/Mean/SD/,Other,Unknown,No,TTest,,,2,17,Whole Experiment,Whole Study,No,30,0,0,0,0,0,0,0,0,0,0,0,0,0,0,0,0,0,0,0,0,0,D Riedl; FL Loth; S Eppler; B Holzner…,2019,Journal of Virtual Reality …,jvrb.org,https://www.jvrb.org/past-issues/15.2018/4819,,395,43676,,,,,,,,,0,0,0,5,,YES,Autonomous movement,Unknown Scale,-6.7,-0.478571429,TRUE,0.5,-2.4,-4.8,0.1,0.1,-0.6,-1.2,0.1,3D Graphics - HMD VR,Bad,Poor,Bad,Bad
21,22,22,Trier Social Stress Test in vivo and in virtual reality: Dissociation of response domains,"Virtual reality, Skin conductance level, Salivary cortisol, Heart rate, Social stress, Trier Social Stress Test (TSST)",45,45,0,,,23.76,2.52,3D Graphics - HMD VR,Stereo sound,Social Science and psychology,Stress,Not Mentioned,Yes,,,1,Study 1,9,45,,,,,,,between-subject,each component,/Mean/SD/,Other,After,No,,,,1,-33,Whole Experiment,Whole Study,No,45,0,0,0,0,0,0,0,0,0,0,0,0,0,0,0,0,0,0,0,0,18,Y Shiban; J Diemer; S Brandl; R Zack�,2016,International Journal of��,Elsevier,https://www.sciencedirect.com/science/article/pii/S0167876016307231,https://scholar.google.com/scholar?cites=14327464664590115311&as_sdt=2005&sciodt=0;5&hl=en,60,43628,,,,,,,,,18,6,4,5,3,YES,Stress,,-2.6,-0.185714286,TRUE,1.2,-1.12,-2.68,0.105,0.24,-0.28,-0.67,0.105,3D Graphics - HMD VR,Fair,Bad,Fair,Bad
129,137,137,How to Observe Users' Movements in Virtual Environments: Viewpoint Control in a Power Wheelchair Simulator,"user observation, virtual reality, interaction techniques, immersion, driving simulator",15,4,11,23,55,34.9,9.4,3D Graphics - HMD VR,Unknown,"Education and training,Interaction techniques,Social Science and psychology",,Not Mentioned,Not Sure,,40,1,Study 1,,15,,,,,,,within-subject,each component,/Mean/SD/,Other,After,No,"ANOVA,Tukey’s",,,2,-33,Whole Experiment,Whole Study,No,15,0,0,0,0,0,0,0,0,0,0,0,0,0,0,0,0,0,0,0,0,0,A Alshaer; D O'Hare; P Archambault…,2019,Human …,journals.sagepub.com,https://journals.sagepub.com/doi/abs/10.1177/0018720819853682,,409,43676,,,,,,,,,0,0,0,4,,YES,Simulator,Said 13 items but report 4 subscales,-0.743333333,-0.053095238,TRUE,-0.286666667,0.166666667,-0.756666667,0.133333333,-0.057333333,0.041666667,-0.189166667,0.133333333,3D Graphics - HMD VR,Bad,Fair,Good,Bad
48,49,49,"Challenging gender differences in physical presence: Affective states, spatial abilities and presence in a relaxing virtual park","Physical Presence, Virtual Environment, Gender Difference, Spatial Ability",28,14,14,,,26.29/23.93,3.791/2.895,3D Graphics - HMD VR,Unknown,Social Science and psychology,Physical Presence,Not Mentioned,Not Sure,,,1,Study 1,5,28,14,14,,,,,between-subject,each component,/Mean//Other,Chart,Unknown,No,TTest,,,2,6,Whole Experiment,Whole Study,No,28,0,0,0,0,0,0,0,0,0,0,0,0,0,0,0,0,0,0,0,0,2,A Felnhofer; T Hetterle; M Schmidt�,2014,��Presence��,researchgate.net,https://www.researchgate.net/profile/Anna_Felnhofer/publication/259632793_Challenging_gender_differences_in_physical_presence_Affective_states_spatial_abilities_and_presence_in_a_relaxing_virtual_park/links/00b4952cfaf0f131a3000000/Challenging-gender-differences-in-physical-presence-Affective-states-spatial-abilities-and-presence-in-a-relaxing-virtual-park.pdf,https://scholar.google.com/scholar?cites=12437203463310300111&as_sdt=2005&sciodt=0;5&hl=en,23,43628,PDF,,,,,,,,2,0.4,1,4,5,YES,Physical Presence,Unknown Scale,8.325,0.594642857,TRUE,2.96,5.585,-0.38,0.16,0.592,1.39625,-0.095,0.16,3D Graphics - HMD VR,Fair,Best,Good,Fair
89,92,92,Cultivating imagination: development and pilot test of a therapeutic use of an immersive virtual reality CAVE,,9,,,,,,,Projection Display,Surround sound,Social Science and psychology,,Not Mentioned,Not Sure,,90,1,Study 1,15,9,,,,,,,within-subject,each component,/Mean/SD/,Chart,After,No,,,,2,6,Whole Experiment,Whole Study,No,9,0,0,0,0,0,0,0,0,0,0,0,0,0,0,0,0,0,0,0,0,2,PF Brennan; FD Nicolalde; K Ponto…,2013,AMIA Annual …,ncbi.nlm.nih.gov,https://www.ncbi.nlm.nih.gov/pmc/articles/PMC3900149/,https://scholar.google.com/scholar?cites=4713791303245109034&as_sdt=2005&sciodt=0;5&hl=en,450,43627,HTML,,,,,,,,2,0.33,1,4,,YES,Imagination,Unknown Scale,-0.02,-0.001428571,TRUE,1.1,0.88,-2,0.17,0.22,0.22,-0.5,0.17,Projection Display,Bad,Fair,Fair,Fair
66,67,67,Visually Induced Motion Sickness in 360° Videos: Comparing and Combining Visual Optimization Techniques,"VR sickness, cybersickness, 360º video, cinematic VR, field of view, content analysis, optical flow",12,6,6,23,47,29.9,6.76,3D Graphics - HMD VR,Unknown,"Design and visualization,Social Science and psychology",Motion Sickness,Not Mentioned,Not Sure,,,1,Study 1,3.42,12,,,,,,,within-subject,each component,/Mean/SD/,Other,After,No,"ANOVA,Pearson’s product-moment correlation",,,2,6,Whole Experiment,Whole Study,No,12,0,0,0,0,0,0,0,0,0,0,0,0,0,0,0,0,0,0,0,0,0,P Bala; D Dionísio; V Nisi…,2018,2018 IEEE International …,ieeexplore.ieee.org,https://ieeexplore.ieee.org/abstract/document/8699261/,,332,43676,,,,,,,,,0,0,0,4,,DUPLICATED,,,-0.3375,-0.024107143,TRUE,1.2125,0.35,-1.9,0.2075,0.2425,0.0875,-0.475,0.2075,3D Graphics - HMD VR,Fair,Fair,Fair,Fair
81,84,84,Towards lean and elegant self-motion simulation in virtual reality,"Vection, self-motion illusion, spatial orientation, virtual reality, motion simulation, human factors, psychophysics, multi-modal cue integration, vibrations, auditory cues",53,,,,,,,Projection Display,Surround sound,Social Science and psychology,,Not Mentioned,Not Sure,,,3,Study 3,,19,,,,,,,within-subject,each component,/Mean/SD/,Chart,Unknown,No,TTest,,,2,17,Whole Experiment,Whole Study,No,19,0,0,0,0,0,0,0,0,0,0,0,0,0,0,0,0,0,0,0,0,79,BE Riecke; J Schulte-Pelkum…,2005,… . VR 2005. Virtual …,ieeexplore.ieee.org,https://ieeexplore.ieee.org/abstract/document/1492765/,https://scholar.google.com/scholar?cites=3287997044791535940&as_sdt=2005&sciodt=0;5&hl=en,48,43627,,,,,,,,,79,5.64,26,3,,YES,Vection,,1.75,0.125,TRUE,2.55,-0.42,-0.62,0.21,0.51,-0.105,-0.155,0.21,Projection Display,Fair,Fair,Good,Fair
137,146,146,Moving sounds enhance the visually-induced self-motion illusion (circular vection) in virtual reality,"Audiovisual interactions, presence, psychophysics, self-motion simulation, spatial sound, vection, virtual reality",32,,,,,,,Projection Display,Stereo sound,"Design and visualization,Interaction techniques,Social Science and psychology",,Not Mentioned,Not Sure,,,2,Study 1,,20,,,,,28.7,8,within-subject,each component,/Mean//,Chart,After,No,ANOVA,T-test,,2,17,Whole Experiment,Whole Study,No,20,0,0,0,0,0,0,0,0,0,0,0,0,0,0,0,0,0,0,0,0,98,BE Riecke; A V�ljam�e; J Schulte-Pelkum,2009,ACM Transactions on��,dl.acm.org,https://dl.acm.org/citation.cfm?id=1498701,https://scholar.google.com/scholar?cites=10567446197223633119&as_sdt=2005&sciodt=0;5&hl=en,245,43628,,,,,,,,,98,9.8,33,3,10,YES,Vection,,0.933333333,0.066666667,TRUE,2.033333333,-0.213333333,-1.12,0.216666667,0.406666667,-0.053333333,-0.28,0.216666667,Projection Display,Fair,Fair,Fair,Fair
139,150,150,Influence of auditory cues on the visually-induced self-motion illusion (circular vection) in virtual reality,"Vection, self-motion perception, spatial orientation, virtual reality, motion simulation, human factors, psychophysics, multi-modal cue integration, auditory cues, HRTF",20,8,,,,,,Projection Display,Stereo sound,"Design and visualization,Social Science and psychology",,English,Not Sure,,,1,Study 1,,20,,,,,,,within-subject,each component,/Mean//,Chart,After,No,TTest,,,2,17,Whole Experiment,Whole Study,No,20,0,0,0,0,0,0,0,0,0,0,0,0,0,0,0,0,0,0,0,0,40,BE Riecke; J Schulte-Pelkum; F Caniard�,2005,��Workshop Presence,cyberneum.de,http://www.cyberneum.de/fileadmin/user_upload/files/publications/Riecke__05_paper4Presence2005_Influence_of_Auditory_Cues_on_the_visually-induced_Self-Motion_Illusion_-Circular_Vection-_in_Virtual_Reality_3466[0].pdf,https://scholar.google.com/scholar?cites=16477170669748724079&as_sdt=2005&sciodt=0;5&hl=en,151,43628,PDF,,,,,,,,40,2.86,10,4,14,YES,Vection,,0.933333333,0.066666667,TRUE,2.05,-0.226666667,-1.106666667,0.216666667,0.41,-0.056666667,-0.276666667,0.216666667,Projection Display,Fair,Fair,Fair,Fair
77,78,78,The Influence of Visual Realism on the Sense of Presence in Virtual Environments,,52,32,20,18,48,22.81,5.94,3D Graphics - HMD VR,Unknown,Social Science and psychology,,Not Mentioned,Not Sure,,,1,Study 1,,52,,,,,,,within-subject,each component,/Mean/SD/,Other,After,No,"ANOVA,Pearson correlations",,,4,17,Whole Experiment,Whole Study,No,52,0,0,0,0,0,0,0,0,0,0,0,0,0,0,0,0,0,0,0,0,0,Y Toczek,2016,,research.tue.nl,https://research.tue.nl/files/46946153/855787-1.pdf,,169,43628,PDF,,,,,,,,0,0,0,1,3,YES,Presence,Unknown Scale,-6.125,-0.4375,TRUE,0.775,0.03,-7.04,0.22,0.155,0.0075,-1.76,0.22,3D Graphics - HMD VR,Bad,Fair,Worst,Fair
26,27,27,Poster: Design and evaluation of 3D content with wind output,,12,11,3,21,31,,,3D Graphics - Monoscopic,Unknown,Interaction techniques,,Not Mentioned,Not Sure,,,1,Study 1,15,12,,,,,,,within-subject,each component,/Mean/SD/,Chart,After,No,"ANOVA,TTest",,,2,17,Whole Experiment,Whole Study,No,12,0,0,0,0,0,0,0,0,0,0,0,0,0,0,0,0,0,0,0,0,11,A Lehmann; C Geiger; B Woldecke�,2009,2009 IEEE Symposium��,ieeexplore.ieee.org,https://ieeexplore.ieee.org/abstract/document/4811231/,https://scholar.google.com/scholar?cites=18289119672183896209&as_sdt=2005&sciodt=0;5&hl=en,16,43628,,,,,,,,,11,1.1,3,4,10,YES,,CORRECTED: Overall Presence to GP (Confused Presence),0.85,0.060714286,TRUE,1.383333333,1.8,-2.333333333,0.22,0.276666667,0.45,-0.583333333,0.22,3D Graphics - Monoscopic,Fair,Fair,Fair,Fair
100,105,105,How body movement influences virtual reality analgesia?,"Virtual Reality, pain, cold pressor test, movement, presence, analgesia",30,10,20,18/19,50/24,25.60/20.55,9.26/1.50,3D Graphics - HMD VR,Stereo sound,"Healthcare and clinical therapies,Social Science and psychology",,Not Mentioned,Not Sure,,,1,Study 1,4,30,,,,,,,within-subject,each component,/Mean/SD/,Other,After,No,Non-parametric statistics; Pearson Correlation Coefficient,,,2,-33,Whole Experiment,Whole Study,No,30,0,0,0,0,0,0,0,0,0,0,0,0,0,0,0,0,0,0,0,0,15,M Czub; J Piskorz,2014,2014 International Conference on …,ieeexplore.ieee.org,https://ieeexplore.ieee.org/abstract/document/6990185/,https://scholar.google.com/scholar?cites=2292082930132990674&as_sdt=2005&sciodt=0;5&hl=en,7,43676,,,,,,,,,15,3,8,,,YES,Analgesia,Some missing data,-3.095,-0.221071429,TRUE,0.325,-0.42,-3,0.315,0.065,-0.105,-0.75,0.315,3D Graphics - HMD VR,Bad,Fair,Poor,Fair
2,2,2,Temporal dynamics in the relation between presence and fear in virtual reality,"Virtual reality, Presence, Exposure therapy, Behavioral avoidance test, Anxiety disorders, Specific phobia",22,,22,19,38,25.18,5.58,Projection Display,Unknown,"Healthcare and clinical therapies,Social Science and psychology",Exposure therapy,Not Mentioned,Not Sure,,,1,Study 1,41.77/2.24,22,,,,,,,between-subject,each component,/Mean/SD/,Other,After,No,ANOVA,,"Strong correlations between presence and fear on the one-item presence measure assessed immediately after each exposure, but not on the IPQ administered at the end of the entire experiment.",1,6,Whole Experiment,Whole Study,No,22,0,0,0,0,0,0,0,0,0,0,0,0,0,0,0,0,0,0,0,0,30,HM Peperkorn; J Diemer; A M�hlberger,2015,Computers in Human Behavior,Elsevier,https://www.sciencedirect.com/science/article/pii/S0747563215001260,https://scholar.google.com/scholar?cites=3537788879502462667&as_sdt=2005&sciodt=0;5&hl=en,7,43628,,,,,,,,,30,7.5,10,3,4,YES,Exposure Therapy,,-3.855,-0.275357143,TRUE,-1.075,-2.14,-0.64,0.315,-0.215,-0.535,-0.16,0.315,Projection Display,Poor,Poor,Good,Fair
64,65,65,"Physical Presence, Social Presence, and Anxiety in Participants with Social Anxiety Disorder During Virtual Cue Exposure","virtual reality exposure therapy, social anxiety disorder, physical presence, social presence, state anxiety, heart rate",24,,17,,,,,3D Graphics - HMD VR,Unknown,"Healthcare and clinical therapies,Social Science and psychology",,German,Not Sure,,15,1,Study 1,5,24,,9-Aug,,,22.83/24.08,1.749/2.539,between-subject,each component,/Mean/SD/,Other,After,No,TTest,,,2,17,Whole Experiment,Whole Study,No,24,0,0,0,0,0,0,0,0,0,0,0,0,0,0,0,0,0,0,0,0,0,A Felnhofer; H Hlavacs; L Beutl�,2019,��; Behavior; and Social��,liebertpub.com,https://www.liebertpub.com/doi/abs/10.1089/cyber.2018.0221,,113,43628,,,,,,,,,0,0,0,4,1,YES,Exposure Therapy,,0.5,0.035714286,TRUE,1.95,1,-2.8,0.35,0.39,0.25,-0.7,0.35,3D Graphics - HMD VR,Fair,Fair,Fair,Fair
114,122,122,Perceptual calibration in virtual reality applications,,19,,,,,,,"3D Graphics - Monoscopic,Projection Display",Unknown,"Design and visualization,Social Science and psychology",,Not Mentioned,Not Sure,,60,1,Study 1,,19,,,,,25/25,2-Jun,between-subject,each component,/Mean/SD/,Chart,After,No,ANOVA,,,2,-33,Whole Experiment,Whole Study,No,19,0,0,0,0,0,0,0,0,0,0,0,0,0,0,0,0,0,0,0,0,4,DR Mestre,2016,Electronic Imaging,ingentaconnect.com,https://www.ingentaconnect.com/contentone/ist/ei/2016/00002016/00000004/art00003,https://scholar.google.com/scholar?cites=16689666532010075657&as_sdt=2005&sciodt=0;5&hl=en,147,43676,,,,,,,,,4,1.33,4,1,,YES,Perceptual Calibration,,0.1552,0.011085714,TRUE,2.592,-0.8528,-1.584,0.3528,0.5184,-0.2132,-0.396,0.3528,Projection Display,Fair,Fair,Fair,Fair
124,132,132,User virtual costume visualisation in an augmented virtuality immersive cinematic environment,"Augmented Virtuality, 360 movie, virtual costume",24,,12,133,52,32.4,8.6,3D Graphics - HMD VR,Unknown,"Design and visualization,Entertainment and game,Social Science and psychology",,Not Mentioned,Not Sure,,40,1,Study 1,,24,,,,,,,within-subject,each component,/Mean//,Other,After,No,Friedman tests,Wilcoxon Signed Rank tests with a Bonferroni correction,,2,6,Whole Experiment,Whole Study,No,24,0,0,0,0,0,0,0,0,0,0,0,0,0,0,0,0,0,0,0,0,0,W Tang; GA Lee; M Billinghurst…,2018,Proceedings of the 30th …,dl.acm.org,https://dl.acm.org/citation.cfm?id=3292188,,294,43676,,,,,,,,,0,0,0,4,,YES,Augmented Virtuality,,2.311333333,0.165095238,TRUE,2.523333333,0.808,-1.02,0.413333333,0.504666667,0.202,-0.255,0.413333333,3D Graphics - HMD VR,Fair,Fair,Fair,Fair
98,102,102,Virtual Conversation: Automated free speech dialogue with a computer character,,26,,,,,,,Projection Display,Stereo sound,"Healthcare and clinical therapies,Social Science and psychology",,Not Mentioned,Yes,,1.5,2,Study 1,,24,17,7,17,66,32.6,13.4,within-subject,each component,/Mean/SD/,Other,After,No,MANOVA,,,2,6,Whole Experiment,Whole Study,No,24,,,,,,3.4,3.28,2.51,3.46,,1.14,1.52,1.13,1.44,,,,,,,0,N Ter Heijden,2011,,repository.tudelft.nl,https://repository.tudelft.nl/islandora/object/uuid:f139cd09-1db6-439c-941a-f9a66dd9df6b/,,856,43627,,,,,,,,,0,0,0,1,,YES,Virtual Conversation,,1.16,0.082857143,TRUE,2,1.12,-1.96,0.46,0.4,0.28,-0.49,0.46,Projection Display,Fair,Fair,Fair,Fair
6,6,6,The relationship between individual characteristics and experienced presence,"Individual characteristics, Presence, Cybersickness, Public  speaking  world, Neutral  world,  Stereoscopy",88,53,35,18,70,28,6.3,3D Graphics - HMD VR,Stereo sound,Social Science and psychology,Individual characteristics,Not Mentioned,Not Sure,,90 (whole experiment),1,Study 1,,88,,,,,,,within-subject,each component,/Mean/SD/,Other,After,No,"TTest,Correlation analyses",,,1,6,Whole Experiment,Whole Study,No,88,0,0,0,0,0,0,0,0,0,0,0,0,0,0,0,0,0,0,0,0,48,Y Ling; HT Nefs; WP Brinkman; C Qu�,2013,Computers in Human��,Elsevier,https://www.sciencedirect.com/science/article/pii/S0747563212003391,https://scholar.google.com/scholar?cites=2034754833935903691&as_sdt=2005&sciodt=0;5&hl=en,42,43628,,,,,,,,,48,8,10,5,6,YES,Individual Characteristics,Unknown Scale,2.07,0.147857143,TRUE,1.95,1.24,-1.12,0.496666667,0.39,0.31,-0.28,0.496666667,3D Graphics - HMD VR,Fair,Fair,Fair,Fair
119,127,127,Reaching a higher sense of presence in VR through 3D architectural visualization,"Virtual reality, phobia treatment, presence, 3D visualization",20,,,19,34,,,3D Graphics - HMD VR,Unknown,"Design and visualization,Healthcare and clinical therapies,Social Science and psychology",,Not Mentioned,Not Sure,,,1,Study 1,8.5,20,,,,,23.4/24.1,,between-subject,each component,/Mean//,Chart,After,No,Mann-Whitney U Test,,,2,-33,Whole Experiment,Whole Study,No,20,0,0,0,0,0,0,0,0,0,0,0,0,0,0,0,0,0,0,0,0,1,E Sabadi,2008,Delft University of Technology; Media and Knowledge …,mmi.tudelft.nl,http://www.mmi.tudelft.nl/~vrphobia/THESIS_ErvinSabadi.pdf,https://scholar.google.com/scholar?cites=1101007825968562232&as_sdt=2005&sciodt=0;5&hl=en,178,43676,PDF,,,,,,,,1,0.09,1,1,,YES,Visualization,,1.43,0.102142857,TRUE,3.05,0.16,-1.78,0.5,0.61,0.04,-0.445,0.5,3D Graphics - HMD VR,Fair,Fair,Fair,Fair
27,28,28,Representation of patients' hand modulates fear reactions of patients with spider phobia in virtual reality,"virtual reality, presence, immersion, perception, fear, specific phobia",64,,,,,,,3D Graphics - HMD VR,Unknown,"Healthcare and clinical therapies,Social Science and psychology",Phobia,Not Mentioned,Not Sure,,,1,Study 1,47,64,0/,32/,18/,30/,22.75/,2.72,between-subject,each component,/Mean/SD/,Other,After,No,ANOVA,,,4,6,Whole Experiment,Whole Study,No,64,0,0,0,0,0,0,0,0,0,0,0,0,0,0,0,0,0,0,0,0,10,HM Peperkorn; JE Diemer; GW Alpers�,2016,Frontiers in��,frontiersin.org,https://www.frontiersin.org/articles/10.3389/fpsyg.2016.00268,https://scholar.google.com/scholar?cites=4840287585176633007&as_sdt=2005&sciodt=0;5&hl=en,87,43628,HTML,,,,,,,,10,3.33,3,4,3,YES,,,-2.6375,-0.188392857,TRUE,1.5625,-3.04,-1.16,0.5175,0.3125,-0.76,-0.29,0.5175,3D Graphics - HMD VR,Fair,Poor,Fair,Fair
11,12,12,"Effects of stereoscopic viewing on presence, anxiety, and cybersickness in a virtual reality environment for public speaking","Specific phobia, Exposure therapy, Spiders, Virtual reality, Serious games, Gamification",88,53,35,18,70,28,6.3,"3D Graphics - HMD VR,Other",Stereo sound,Healthcare and clinical therapies,Exposure therapy,Not Mentioned,Not Sure,,,1,Study 1,17,86,,,,,,,within-subject,each component,/Mean/SD/,Chart,After,No,TTest,,,1,6,Whole Experiment,Whole Study,No,86,0,0,0,0,0,0,0,0,0,0,0,0,0,0,0,0,0,0,0,0,43,Y Ling; WP Brinkman; HT Nefs; C Qu�,2012,Presence: Teleoperators��,MIT Press,https://www.mitpressjournals.org/doi/abs/10.1162/PRES_a_00111,https://scholar.google.com/scholar?cites=12450000004622731836&as_sdt=2005&sciodt=0;5&hl=en,27,43628,,,,,,,,,43,6.14,9,5,7,YES,Exposure Therapy,,2.19,0.156428571,TRUE,2.083333333,1.306666667,-1.2,0.556666667,0.416666667,0.326666667,-0.3,0.556666667,3D Graphics - HMD VR,Fair,Fair,Fair,Fair
134,142,142,"An fMRI investigation on empathy: physical and social pain, prosocial behavior and the role of the opioid system",,43,13,30,21,30,22.8,,Other,Stereo sound,,,Not Mentioned,Not Sure,,45,1,Study 1,,35,,,,,,,between-subject,each component,/Mean/SD/,Other,After,No,MANOVA,,,2,-33,Whole Experiment,Whole Study,No,35,0,0,0,0,0,0,0,0,0,0,0,0,0,0,0,0,0,0,0,0,0,G Novembre,2015,,iris.sissa.it,https://iris.sissa.it/handle/20.500.11767/3877,,531,43676,,,,,,,,,0,0,0,1,,YES,Empathy,,2.615,0.186785714,TRUE,3.975,1.28,-2.64,0.585,0.795,0.32,-0.66,0.585,3D Graphics - HMD VR,Fair,Fair,Fair,Fair
15,16,16,Brain activity and prosocial behavior in a simulated life-threatening situation,"prosocial behavior, virtual reality, gICA, salience network, mPFC",43,13,30,21,30,22.8,,,,Social Science and psychology,Prosocial behavior,Not Mentioned,Not Sure,,,1,Study 1,282.7 (42)/284.1 (93.1)/NA,43,5/07/2001,11/12/2007,,,,,within-subject,each component,/Mean/SD/,Chart,After,No,MANOVA,,,1,-33,Whole Experiment,Whole Study,No,43,0,0,0,0,0,0,0,0,0,0,0,0,0,0,0,0,0,0,0,0,28,M Zanon; G Novembre; N Zangrando; L Chittaro�,2014,Neuroimage,Elsevier,https://www.sciencedirect.com/science/article/pii/S1053811914003334,https://scholar.google.com/scholar?cites=10501098305181097252&as_sdt=2005&sciodt=0;5&hl=en,73,43628,,,,,,,,,28,5.6,6,5,5,YES,Prosocial Behavior,,2.55,0.182142857,TRUE,3.95,1.22,-2.62,0.585,0.79,0.305,-0.655,0.585,3D Graphics - HMD VR,Fair,Fair,Fair,Fair
99,104,104,Driving performance in a power wheelchair simulator,"driving skills, driving strategies, presence, virtual reality",29,,,,,,,3D Graphics - Monoscopic,Unknown,"Interaction techniques,Social Science and psychology",,Not Mentioned,Not Sure,,,1,Study 1,,29,7-May,9-Aug,20/25,26/35,,,between-subject,each component,/Mean/SD/,Chart,After,No,,,,2,6,Whole Experiment,Whole Study,No,29,0,0,0,0,0,0,0,0,0,0,0,0,0,0,0,0,0,0,0,0,39,PS Archambault; S Tremblay; S Cachecho…,2012,Disability and …,Taylor & Francis,https://www.tandfonline.com/doi/abs/10.3109/17483107.2011.625072,https://scholar.google.com/scholar?cites=12991064995002855261&as_sdt=2005&sciodt=0;5&hl=en,5,43676,,,,,,,,,39,5.57,10,,,YES,Simulator,4 categories 13 questions?,-3.43,-0.245,TRUE,0.25,-2.08,-1.6,0.6,0.05,-0.52,-0.4,0.6,3D Graphics - Monoscopic,Bad,Bad,Fair,Fair
121,129,129,Influence of Network Delay in Virtual Reality Multiplayer Exergames: Who is actually delayed?,"Virtual Reality, Multiplayer Exergames, QoE, Network Delay",23,17,6,,,25.57,3.41,3D Graphics - HMD VR,Unknown,"Design and visualization,Entertainment and game,Social Science and psychology",,Not Mentioned,Not Sure,,,1,Study 1,,23,,,,,,,within-subject,each component,/Mean//Other,Other,After,No,ANOVA,,,2,17,Whole Experiment,Whole Study,No,23,0,0,0,0,0,0,0,0,0,0,0,0,0,0,0,0,0,0,0,0,0,T Kojic; S Schmidt; S Möller…,2019,… Conference on Quality …,ieeexplore.ieee.org,https://ieeexplore.ieee.org/abstract/document/8743342/,,260,43676,,,,,,,,,0,0,0,4,,YES,Exergame,Lack report for some condition,-0.9665,-0.069035714,TRUE,2.1575,-0.53,-2.594,0.6015,0.4315,-0.1325,-0.6485,0.6015,3D Graphics - HMD VR,Fair,Fair,Fair,Fair
56,57,57,Heading computation in the human retrosplenial complex during full-body rotation,,20,9,11,20,46,30.25,7.68,"3D Graphics - Monoscopic,3D Graphics - HMD VR",Unknown,"Interaction techniques,Social Science and psychology",Spatial orientation,Not Mentioned,Not Sure,,,1,Study 1,,20,,,,,,,within-subject,each component,/Mean/SD/,Other,"After,Unknown",No,,,,2,6,Whole Experiment,Whole Study,No,20,0,0,0,0,0,0,0,0,0,0,0,0,0,0,0,0,0,0,0,0,1,K Gramann; FU Hohlefeld; L Gehrke; M Klug,2018,BioRxiv,biorxiv.org,https://www.biorxiv.org/content/10.1101/417972v1.abstract,https://scholar.google.com/scholar?cites=1668619713447027396&as_sdt=2005&sciodt=0;5&hl=en,286,43628,,,,,,,,,1,1,0,4,1,YES,,Preprint,-0.25,-0.017857143,TRUE,6.55,-1,-5.8,0.63,1.31,-0.25,-1.45,0.63,3D Graphics - HMD VR,Good,Fair,Bad,Fair
59,60,60,Evaluating the Effects of Hand-gesture-based Interaction with Virtual Content in a 360 Movie,,32,,16,19,42,26.97,6.32,3D Graphics - HMD VR,Unknown,"Design and visualization,Interaction techniques,Social Science and psychology",,Not Mentioned,Not Sure,,,1,Study 1,,32,,,,,,,within-subject,each component,/Mean//,Other,After,No,ANOVA,,,4,17,Whole Experiment,Whole Study,No,32,0,0,0,0,0,0,0,0,0,0,0,0,0,0,0,0,0,0,0,0,1,H Khan; G Lee; S Hoermann; R Clifford; M Billinghurst�,2017,,ir.canterbury.ac.nz,https://ir.canterbury.ac.nz/handle/10092/15215,https://scholar.google.com/scholar?cites=12814848117432532594&as_sdt=2005&sciodt=0;5&hl=en,229,43628,,,,,,,,,1,0.5,0,6,2,YES,Interaction,Unknown Scale,-2.625,-0.1875,TRUE,-1.4875,1.03,-1.94,0.6325,-0.2975,0.2575,-0.485,0.6325,3D Graphics - HMD VR,Poor,Fair,Fair,Fair
73,74,74,Comfortable Immersive Analytics with the VirtualDesk Metaphor: Case Studies and Perspectives,,44,,,,,,,3D Graphics - HMD VR,Unknown,"Design and visualization,Social Science and psychology",Immersive,Not Mentioned,Not Sure,,,1,Study 1,25,44,,,,,,,between-subject,each component,/Mean/SD/,Chart,Unknown,No,,,,2,17,Whole Experiment,Whole Study,No,44,0,0,0,0,0,0,0,0,0,0,0,0,0,0,0,0,0,0,0,0,0,JA Wagner Filho; CMDS Freitas�,2019,IEEE computer graphics��,ieeexplore.ieee.org,https://ieeexplore.ieee.org/abstract/document/8640072/,,308,43628,,,,,,,,,0,0,0,3,1,YES,Immersion,,-1.16,-0.082857143,TRUE,3,-0.52,-3.64,0.64,0.6,-0.13,-0.91,0.64,3D Graphics - HMD VR,Fair,Fair,Poor,Fair
1,1,1,Does engagement with exposure yield better outcomes? Components of presence as a predictor of treatment response for virtual reality exposure therapy for social,"Social anxiety, Virtual reality exposure, Presence",41,24,17,,,,,3D Graphics - HMD VR,Unknown,Healthcare and clinical therapies,Exposure Therapy,Not Mentioned,Not Sure,,,1,Study 1,,31,,,,,,,within-subject,each component,/Mean/SD/,Other,After,No,"ANOVA,Multilevel model",,"Each component subscales were analysed for the relation between presence and anxiety and associations between presence and treatment response. However, only total score reported. ",3,17,Whole Experiment,Whole Study,No,31,0,0,0,0,0,0,0,0,0,0,0,0,0,0,0,0,0,0,0,0,101,M Price; N Mehta; EB Tone; PL Anderson,2011,Journal of anxiety disorders,Elsevier,https://www.sciencedirect.com/science/article/pii/S0887618511000442,https://scholar.google.com/scholar?cites=15287092560747902843&as_sdt=2005&sciodt=0;5&hl=en,5,43628,,,,,,,,,101,12.63,25,4,8,YES,Exposure Therapy,,0.6875,0.049107143,TRUE,0.4275,0.9825,-1.365,0.6425,0.0855,0.245625,-0.34125,0.6425,3D Graphics - HMD VR,Bad,Fair,Fair,Fair
50,51,51,The Effect of Haptic Prediction Accuracy on Presence,,56,21,35,18,27,20.32,1.71,3D Graphics - HMD VR,Unknown,"Social Science and psychology,Other",Haptic,Not Mentioned,Not Sure,,,1,Study 1,5.42,56,,,,,,,between-subject,each component,/Mean/SD/,Other,After,No,Shapiro-Wilk normality test,,,2,-33,Whole Experiment,Whole Study,No,56,0,0,0,0,0,0,0,0,0,0,0,0,0,0,0,0,0,0,0,0,1,D Gall; ME Latoschik,2018,��IEEE Conference on Virtual Reality and��,ieeexplore.ieee.org,https://ieeexplore.ieee.org/abstract/document/8446153/,https://scholar.google.com/scholar?cites=17569544626198375561&as_sdt=2005&sciodt=0;5&hl=en,164,43628,,,,,,,,,1,1,1,2,1,YES,Haptic,,20.515,1.465357143,TRUE,9.975,5.54,5,0.66,1.995,1.385,1.25,0.66,3D Graphics - HMD VR,Best,Best,Best,Fair
41,42,42,GulliVR: A walking-oriented technique for navigation in virtual reality games based on virtual body resizing,"Virtual reality games, navigation, physical walking, presence, virtual body size, miniature world",30,15,15,,,27.6,11.18,3D Graphics - HMD VR,Unknown,Interaction techniques,Navigation,Not Mentioned,Not Sure,,45,1,Study 1,,30,,,,,,,between-subject,each component,/Mean/SD/,Other,After,No,"TTest, Levene’s and Kolmogorov-Smirnov tests;  MannWhitney U tests",,,2,6,Whole Experiment,Whole Study,No,30,0,0,0,0,0,0,0,0,0,0,0,0,0,0,0,0,0,0,0,0,3,A Krekhov; S Cmentowski; K Emmerich�,2018,Proceedings of the��,dl.acm.org,https://dl.acm.org/citation.cfm?id=3242704,https://scholar.google.com/scholar?cites=7527593946888583397&as_sdt=2005&sciodt=0;5&hl=en,259,43628,,,,,,,,,3,3,1,4,1,YES,Navigation,,0.945,0.0675,TRUE,2.625,0.98,-2.66,0.7,0.525,0.245,-0.665,0.7,3D Graphics - HMD VR,Fair,Fair,Fair,Fair
80,81,81,Applicability of synthetic environments for product design,"synthetic environment, product design, dynamic prototyping, industrial design, validation",16,9,7,19,30,24,,Projection Display,Unknown,Design and visualization,,Not Mentioned,Not Sure,,,1,Study 1,20,16,,,,,,,within-subject,each component,/Mean/SD/,Other,After,No,MANOVA,,,2,6,Whole Experiment,Whole Study,No,16,0,0,0,0,0,0,0,0,0,0,0,0,0,0,0,0,0,0,0,0,0,H Wang; F Meijer; J Miedema�,2008,Proceedings of the 7th��,ris.utwente.nl,https://ris.utwente.nl/ws/portalfiles/portal/5403453/Wang08-Applicability_of_synthetic_environments_for_product_design.pdf,,265,43628,PDF,,,,,,,,0,0,0,4,11,YES,Synthetic Environment,,15.47,1.105,TRUE,7.4,4.88,2.46,0.73,1.48,1.22,0.615,0.73,Projection Display,Excellent,Excellent,Excellent,Fair
63,64,64,Influence of hearing your steps and environmental sounds in VR while walking,"Virtual Reality, Presence, Soundscape, Footsteps, IPQ, head-mounted display",40,11,29,18,34,22.95,4.44,3D Graphics - HMD VR,Stereo sound,Social Science and psychology,,German,Not Sure,,,1,Study 1,,40,,,,,,,within-subject,each component,/Mean/SD/,Other,After,No,ANOVA,,,4,-33,Whole Experiment,Whole Study,No,40,0,0,0,0,0,0,0,0,0,0,0,0,0,0,0,0,0,0,0,0,0,AC Kern; W Ellermeier,2018,2018 IEEE 4th VR Workshop on Sonic��,ieeexplore.ieee.org,https://ieeexplore.ieee.org/abstract/document/8577177/,,93,43628,,,,,,,,,0,0,0,2,1,YES,Presence,,-0.766666667,-0.054761905,TRUE,1.3,0.28,-2.346666667,0.75,0.26,0.07,-0.586666667,0.75,3D Graphics - HMD VR,Fair,Fair,Fair,Fair
125,133,133,A Metro World Prototype for Virtual Reality Exposure Therapy of Agoraphobia,,20,,,,,,,3D Graphics - HMD VR,Stereo sound,"Healthcare and clinical therapies,Social Science and psychology",,Not Mentioned,Not Sure,,,1,Study 1,7,20,,,,,,,within-subject,each component,/Mean/SD/,Other,After,No,Reliability analysis,,,2,6,Whole Experiment,Whole Study,No,20,0,0,0,0,0,0,0,0,0,0,0,0,0,0,0,0,0,0,0,0,0,FN Rahayu; MA Neerincx; C van der Mast…,2003,Delft University of …,mmi.tudelft.nl,http://mmi.tudelft.nl/vret/images/0/07/A_Metro_World_Prototype_for_Virtual_Reality_Exposure_Therapy_of_Agoraphobia.pdf,,330,43676,PDF,,,,,,,,0,0,0,4,,YES,Agoraphobia,,1.05,0.075,TRUE,3.275,-1.05,-1.175,0.825,0.655,-0.2625,-0.29375,0.825,3D Graphics - HMD VR,Fair,Bad,Fair,Fair
127,135,135,Body Movement Reduces Pain Intensity in Virtual Reality - Based Analgesia,,46,15,31,18,31,21.1/20.7,3.41/1.74,3D Graphics - HMD VR,Stereo sound,"Healthcare and clinical therapies,Social Science and psychology",,Not Mentioned,Not Sure,,,1,Study 1,4,46,,,,,,,within-subject,each component,/Mean/SD/,Other,After,No,TTest,,,2,-33,Whole Experiment,Whole Study,No,46,0,0,0,0,0,0,0,0,0,0,0,0,0,0,0,0,0,0,0,0,0,M Czub; J Piskorz,2018,International Journal of Human–Computer …,Taylor & Francis,https://www.tandfonline.com/doi/abs/10.1080/10447318.2017.1412144,,375,43676,,,,,,,,,0,0,0,2,,YES,Pain,Unknown Scale,-3.7,-0.264285714,TRUE,1.5,-1.94,-3.26,0.87,0.3,-0.485,-0.815,0.87,3D Graphics - HMD VR,Fair,Bad,Poor,Fair
44,45,45,Effects of personal relevance and simulated darkness on the affective appraisal of a virtual environment,"Affective appraisal, Virtual environment, Fear of darkness, Emotion, Personal relevance",72,0,72,12,32,22.2,2.9,3D Graphics - Monoscopic,Unknown,"Healthcare and clinical therapies,Social Science and psychology",Fear of darkness,Not Mentioned,Not Sure,,,1,Study 1,10,72,,,,,,,between-subject,each component,/Mean/SD/,Other,After,No,ANOVA,,,4,-33,Whole Experiment,Whole Study,No,72,0,0,0,0,0,0,0,0,0,0,0,0,0,0,0,0,0,0,0,0,3,A Toet; JM Houtkamp; PE Vreugdenhil,2016,PeerJ,peerj.com,https://peerj.com/articles/1743/?utm_source=TrendMD&utm_campaign=PeerJ_TrendMD_1&utm_medium=TrendMD,https://scholar.google.com/scholar?cites=2623486685510651979&as_sdt=2005&sciodt=0;5&hl=en,199,43628,HTML,,,,,,,,3,1,1,3,3,YES,Fear,Unknown Scale,4.225,0.301785714,TRUE,3.191666667,1.933333333,-0.9,0.903333333,0.638333333,0.483333333,-0.225,0.903333333,3D Graphics - Monoscopic,Fair,Fair,Good,Fair
122,130,130,Effects of simulated darkness on the affective appraisal of a virtual environment,,72,,,17,32,22.2,2.9,3D Graphics - Monoscopic,Stereo sound,"Design and visualization,Social Science and psychology",1,Not Mentioned,Not Sure,,,1,Study 1,10,72,,,,,,,between-subject,each component,/Mean/SD/,Other,After,No,MANOVA,,,2,6,Whole Experiment,Whole Study,No,72,0,0,0,0,0,0,0,0,0,0,0,0,0,0,0,0,0,0,0,0,0,A Toet; JM Houtkamp; PE Vreugdenhil,2015,PeerJ PrePrints,peerj.com,https://peerj.com/preprints/1456,,336,43676,,,,,,,,,0,0,0,3,,YES,Simulated darkness,Unknown Scale,4.225,0.301785714,TRUE,3.191666667,1.933333333,-0.9,0.903333333,0.638333333,0.483333333,-0.225,0.903333333,3D Graphics - Monoscopic,Fair,Fair,Good,Fair
116,124,124,Distraction of attention with the use of virtual reality. Influence of the level of game complexity on the level of experienced pain,"Virtual Reality, Pain, Attention distraction, Cold Pressor Test, Video games",31,12,19,20/19,24/30,22.42/21.37,1.51/2.34,3D Graphics - HMD VR,Stereo sound,"Healthcare and clinical therapies,Social Science and psychology",,Not Mentioned,Not Sure,,,1,Study 1,4,31,,,,,,,within-subject,each component,/Mean/SD/,Other,After,No,Parametric statistics,,,4,-33,Whole Experiment,Whole Study,No,31,0,0,0,0,0,0,0,0,0,0,0,0,0,0,0,0,0,0,0,0,3,J Piskorz; M Czub,2014,Polish Psychological Bulletin,degruyter.com,https://www.degruyter.com/downloadpdf/j/ppb.2014.45.issue-4/ppb-2014-0058/ppb-2014-0058.xml,https://scholar.google.com/scholar?cites=8909671389347806897&as_sdt=2005&sciodt=0;5&hl=en,175,43676,PDF,,,,,,,,3,0.6,2,2,,YES,Pain,,-6.255,-0.446785714,TRUE,0.558333333,-0.56,-6.253333333,0.935,0.111666667,-0.14,-1.563333333,0.935,3D Graphics - HMD VR,Bad,Fair,Worst,Fair
12,13,13,Presence within a mixed reality environment,,21,17,4,16,50,,,Projection Display,Unknown,Social Science and psychology,Presence; Mixed reality,Not Mentioned,Not Sure,,,1,Study 1,,21,,,,,,,within-subject,each component,/Mean/SD/,Other,After,No,Pearson correlations; Spearman correlations,Bonferroni,,1,-33,Whole Experiment,Whole Study,No,21,0,0,0,0,0,0,0,0,0,0,0,0,0,0,0,0,0,0,0,0,42,PV Schaik; T Turnbull; AV Wersch�,2004,CyberPsychology &��,liebertpub.com,https://www.liebertpub.com/doi/abs/10.1089/cpb.2004.7.540,https://scholar.google.com/scholar?cites=4422636204725188312&as_sdt=2005&sciodt=0;5&hl=en,67,43628,,,,,,,,,42,2.8,11,4,15,YES,Presence,,0.31,0.022142857,TRUE,3.75,0.4,-3.84,0.95,0.75,0.1,-0.96,0.95,Projection Display,Fair,Fair,Poor,Fair
123,131,131,Warning messages to modify safety behavior during crisis situations: A virtual reality study,"Safety behaviour, Warning messages, Virtual reality, Thunderstorm",34,,,,,26.61,9.39,3D Graphics - HMD VR,Unknown,Social Science and psychology,,Not Mentioned,Not Sure,,,1,Study 1,around 10,34,,9-Oct,,,29.86/23.94,12.31/5.04,between-subject,each component,/Mean/SD/,Other,After,No,TTest,,,2,6,Whole Experiment,Whole Study,No,34,0,0,0,0,0,0,0,0,0,0,0,0,0,0,0,0,0,0,0,0,0,H Markwart; J Vitera; S Lemanski; D Kietzmann…,2019,International Journal of …,Elsevier,https://www.sciencedirect.com/science/article/pii/S2212420919302432,,288,43676,,,,,,,,,0,0,0,5,,YES,Behavior,,2.41,0.172142857,TRUE,4.45,0.52,-2.56,0.97,0.89,0.13,-0.64,0.97,3D Graphics - HMD VR,Fair,Fair,Fair,Fair
71,72,72,Virtual Reality Conferencing,"virtual reality, virtual reality conferencing, virtual collaboration",10,,,,,,,3D Graphics - HMD VR,Unknown,"Interaction techniques,Other",,Not Mentioned,Not Sure,,,1,Study 1,,10,,,,,,,between-subject,each component,/Mean//,Other,After,No,ANOVA,,,2,6,Whole Experiment,Whole Study,No,10,0,0,0,0,0,0,0,0,0,0,0,0,0,0,0,0,0,0,0,0,0,PD Pazour; A Janecek�,2018,2018 IEEE International��,ieeexplore.ieee.org,https://ieeexplore.ieee.org/abstract/document/8613638/,,296,43628,,,,,,,,,0,0,0,3,1,YES,Tele-conference,,12.6,0.9,TRUE,8.2,3.9,0.5,1,1.64,0.975,0.125,1,3D Graphics - HMD VR,Excellent,Excellent,Good,Fair
79,80,80,The Experience of Exposure Across Racial Groups: Differences in Presence During Virtual Reality Exposure Therapy for Social Phobia Across African," Exposure therapy, Virtual Reality Exposure, Experience of treatment, African American, Women",24,,24,21,60,39.96,10.89,3D Graphics - HMD VR,Unknown,"Healthcare and clinical therapies,Social Science and psychology",,Not Mentioned,Not Sure,,,1,Study 1,,24,,15-Sep,,,,,between-subject,each component,/Mean/SD/,Other,After,No,TTest,,,2,17,Whole Experiment,Whole Study,No,24,0,0,0,0,0,0,0,0,0,0,0,0,0,0,0,0,0,0,0,0,0,N Mehta,2012,,scholarworks.gsu.edu,https://scholarworks.gsu.edu/cgi/viewcontent.cgi?article=1102&context=psych_theses,,123,43628,PDF,,,,,,,,0,0,0,1,7,YES,Exposure Therapy,Not Clear Number Of Participants,3.055,0.218214286,TRUE,0.595,1.47,-0.055,1.045,0.119,0.3675,-0.01375,1.045,3D Graphics - HMD VR,Bad,Fair,Good,Fair
61,62,62,Head turn scaling below the threshold of perception in immersive virtual environments,"presence, perception, head tracking manipulation, empirical study, virtual reality, immersive virtual environments",13,12,1,19,45,30.31,8.43,3D Graphics - HMD VR,Stereo sound,Social Science and psychology,,German,Not Sure,,,1,Study 1,,13,,,,,,,within-subject,each component,/Mean/SD/,Other,Unknown,No,"ANOVA,Shapiro-Wilk-Test; Bravais-Pearson-correlation",,,2,6,Whole Experiment,Whole Study,No,13,0,0,0,0,0,0,0,0,0,0,0,0,0,0,0,0,0,0,0,0,1,M Westhoven; D Paul; T Alexander,2016,��of the 22nd ACM Conference on��,dl.acm.org,https://dl.acm.org/citation.cfm?id=2993385,https://scholar.google.com/scholar?cites=18088468939950426299&as_sdt=2005&sciodt=0;5&hl=en,75,43628,,,,,,,,,1,0.33,0,3,3,YES,Perception,,9.28,0.662857143,TRUE,7.416666667,1.213333333,-0.466666667,1.103333333,1.483333333,0.303333333,-0.116666667,1.103333333,3D Graphics - HMD VR,Excellent,Fair,Good,Fair
60,61,61,"Presence, Behavioural Realism and Performances in Driving Simulation","virtual reality, driving simulation, presence, autonomous behaviour, user experience, performance evaluation",36,26,10,,,31,,3D Graphics - Monoscopic,Unknown,"Education and training,Social Science and psychology",,Not Mentioned,Not Sure,,,1,Study 1,,36,,,,,,,within-subject,each component,/Mean//,Other,After,No,,,,2,-33,Whole Experiment,Whole Study,No,36,,,,,,1.344,0.257,0.097,1.111,,,,,,,,,,,,1,N Pallamin; C Bossard,2016,IFAC-PapersOnLine,Elsevier,https://www.sciencedirect.com/science/article/pii/S2405896316321917,https://scholar.google.com/scholar?cites=17926648975972794852&as_sdt=2005&sciodt=0;5&hl=en,39,43628,,,,,,,,,1,0.33,1,2,3,YES,Simulation,,8.136,0.581142857,TRUE,6.72,1.028,0.388,1.111,1.344,0.257,0.097,1.111,3D Graphics - Monoscopic,Good,Fair,Good,Fair
55,56,56,Obstacle Avoidance Method in Real Space for Virtual Reality Immersion,"Virtual Reality, immersive feeling, walking assistance",17,16,1,22,25,,,3D Graphics - HMD VR,Unknown,"Design and visualization,Interaction techniques",,Not Mentioned,Not Sure,,,1,Study 1,,17,,,,,,,within-subject,each component,/Mean//Other,Chart,After,No,Friedman-test; Wilcoxon signed rank,,,2,6,Whole Experiment,Whole Study,No,17,0,0,0,0,0,0,0,0,0,0,0,0,0,0,0,0,0,0,0,0,1,K Kanamori; N Sakata; T Tominaga�,2018,��on Mixed and��,ieeexplore.ieee.org,https://ieeexplore.ieee.org/abstract/document/8613753/,https://scholar.google.com/scholar?cites=17339562296554789106&as_sdt=2005&sciodt=0;5&hl=en,285,43628,,,,,,,,,1,1,0,4,1,YES,Obstacle Avoidance,Mean(IQR),-0.18,-0.012857143,TRUE,4.45,-0.9,-3.73,1.145,0.89,-0.225,-0.9325,1.145,3D Graphics - HMD VR,Fair,Fair,Poor,Fair
17,18,18,Enhancing the visually induced self-motion illusion (vection) under natural viewing conditions in virtual reality,"Vection, psychophysics, spatial presence, virtual reality, illusions, motion simulation.",22,,,,,,,Projection Display,Stereo sound,Social Science and psychology,Vection,Not Mentioned,Not Sure,,,1,Study 1,,22,,,,,,,between-subject,each component,/Mean/SD/,Chart,After,No,Correlaration tests,,,1,17,Whole Experiment,Whole Study,No,22,0,0,0,0,0,0,0,0,0,0,0,0,0,0,0,0,0,0,0,0,25,BE Riecke; J Schulte-Pelkum�,2004,��Workshop Presence,academia.edu,http://www.academia.edu/download/2384840/982drjfkn4woz84.pdf,https://scholar.google.com/scholar?cites=9264505614785578962&as_sdt=2005&sciodt=0;5&hl=en,70,43628,PDF,,,,,,,,25,1.67,8,3,15,YES,Vection,,10.15,0.725,TRUE,1.875,4.46,1.92,1.16,0.375,1.115,0.48,1.16,Projection Display,Fair,Excellent,Excellent,Fair
81,83,83,Towards lean and elegant self-motion simulation in virtual reality,"Vection, self-motion illusion, spatial orientation, virtual reality, motion simulation, human factors, psychophysics, multi-modal cue integration, vibrations, auditory cues",53,,,,,,,Projection Display,Surround sound,Social Science and psychology,,Not Mentioned,Not Sure,,,3,Study 2,,22,,,,,,,between-subject,each component,/Mean/SD/,Chart,Unknown,No,TTest,,,2,17,Whole Experiment,Whole Study,No,22,0,0,0,0,0,0,0,0,0,0,0,0,0,0,0,0,0,0,0,0,79,BE Riecke; J Schulte-Pelkum…,2005,… . VR 2005. Virtual …,ieeexplore.ieee.org,https://ieeexplore.ieee.org/abstract/document/1492765/,https://scholar.google.com/scholar?cites=3287997044791535940&as_sdt=2005&sciodt=0;5&hl=en,48,43627,,,,,,,,,79,5.64,26,3,,YES,Vection,,10.15,0.725,TRUE,1.875,4.46,1.92,1.16,0.375,1.115,0.48,1.16,Projection Display,Fair,Excellent,Excellent,Fair
90,93,93,Exploring vertical navigation within a virtual environment: a staircase experience,,180,90,90,18,34,22.39,2.17,3D Graphics - Monoscopic,Unknown,"Design and visualization,Interaction techniques,Social Science and psychology",,Not Mentioned,Not Sure,,,1,Study 1,,180,45/45,45/45,,,,,within-subject,each component,/Mean/SD/,Other,After,No,Chi-square analysis,,,2,17,Whole Experiment,Whole Study,No,180,0,0,0,0,0,0,0,0,0,0,0,0,0,0,0,0,0,0,0,0,2,İS Memikoğlu,2012,,dspace.bilkent.edu.tr,http://dspace.bilkent.edu.tr/handle/11693/15845,https://scholar.google.com/scholar?cites=14799894205204665334&as_sdt=2005&sciodt=0;5&hl=en,475,43627,,,,,,,,,2,0.29,2,1,,YES,Navigation,,-0.42,-0.03,TRUE,2.9,-1.04,-2.28,1.17,0.58,-0.26,-0.57,1.17,3D Graphics - Monoscopic,Fair,Fair,Fair,Fair
133,141,141,Enhancing User Experience with Olfaction in Virtual Reality,,10,5,5,,,28.3,1.34,3D Graphics - HMD VR,Unknown,"Design and visualization,Entertainment and game,Social Science and psychology",,Not Mentioned,Not Sure,,,1,Study 1,,10,,,,,,,within-subject,each item,/Mean//,Other,After,No,Mann-Whitney U-Test; Wilcoxon Signed-Rank Test,,,4,17,Whole Experiment,Whole Study,No,10,0,0,0,0,0,0,0,0,0,0,0,0,0,0,0,0,0,0,0,0,0,MH Braun,2019,,openaccess.city.ac.uk,http://openaccess.city.ac.uk/id/eprint/22379,,561,43676,,,,,,,,,0,0,0,1,,YES,Olfaction,,-0.85,-0.060714286,TRUE,2.525,-0.875,-3.675,1.175,0.505,-0.21875,-0.91875,1.175,3D Graphics - HMD VR,Fair,Fair,Poor,Fair
87,90,90,Preliminary findings on the Virtual Environment for Radiotherapy Training (VERT) system: simulator sickness and presence,"VERT, SSQ, sickness, presence, radiotherapy",75,,,,,28.3,11.8,Projection Display,Unknown,"Healthcare and clinical therapies,Social Science and psychology",,Not Mentioned,Not Sure,,,1,Study 1,67.9,75,,,,,,,within-subject,each component,/Mean//,Chart,After,No,Spearman’s correlation,,,2,6,Whole Experiment,Whole Study,No,75,,,,,,3.4,2.8,2.6,4.25,,,,,,,,,,,,9,DM Flinton; N White,2009,Journal of Radiotherapy in Practice,cambridge.org,https://www.cambridge.org/core/journals/journal-of-radiotherapy-in-practice/article/preliminary-findings-on-the-virtual-environment-for-radiotherapy-training-vert-system-simulator-sickness-and-presence/3E22777C5B4B3CB520314E3D82E30F3F,https://scholar.google.com/scholar?cites=7889578849703016578&as_sdt=2005&sciodt=0;5&hl=en,302,43627,,,,,,,,,9,0.9,5,2,,YES,Radiotherapy Training,,-0.4,-0.028571429,TRUE,2,-0.8,-1.6,1.25,0.4,-0.2,-0.4,1.25,Projection Display,Fair,Fair,Fair,Fair
109,114,114,Social influence on evacuation behavior in real and virtual environments,"virtual reality, fire evacuation, social influence, bystander effect, virtual humans, Virtual agents",75/75,35/41,40/34,,,21.45`4.3,,3D Graphics - HMD VR,Stereo sound,"Healthcare and clinical therapies,Social Science and psychology",,Not Mentioned,Not Sure,,,1,Study 1,,75,15/14/12,10/11/2013,,,21.80/21.76/20.80,4.73/3.69/2.55,between-subject,each component,/Mean/SD/,Other,After,No,,,,2,6,Whole Experiment,Whole Study,No,75,0,0,0,0,0,0,0,0,0,0,0,0,0,0,0,0,0,0,0,0,15,M Kinateder; WH Warren,2016,Frontiers in Robotics and AI,frontiersin.org,https://www.frontiersin.org/articles/10.3389/frobt.2016.00043,https://scholar.google.com/scholar?cites=12932043803460859494&as_sdt=2005&sciodt=0;5&hl=en,128,43676,HTML,,,,,,,,15,5,8,2,,YES,Social Influence,,5.683333333,0.405952381,TRUE,5.95,1.133333333,-1.4,1.28,1.19,0.283333333,-0.35,1.28,3D Graphics - HMD VR,Good,Fair,Fair,Good
35,36,36,Utilization of Second Life as a tool for spatial learning in interior architecture,"Virtual environments, second life, navigation, spatial learning",90,45,45,,,,,3D Graphics - Monoscopic,Unknown,"Education and training,Social Science and psychology",,Not Mentioned,Not Sure,,,1,Study 1,,90,,,,,,,within-subject,each component,/Mean/SD/,Other,After,No,,,,2,17,Whole Experiment,Whole Study,No,90,,,,,,4.69,3.74,3.53,5.37,,0.85,1.1,0.76,1.13,,,,,,,6,? Memiko?lu,2014,Procedia-Social and Behavioral Sciences,Elsevier,https://www.sciencedirect.com/science/article/pii/S1877042814004017,https://scholar.google.com/scholar?cites=1343355019175368824&as_sdt=2005&sciodt=0;5&hl=en,157,43628,,,,,,,,,6,1.2,6,1,5,YES,Navigation,,0.53,0.037857143,TRUE,3.45,-1.04,-1.88,1.37,0.69,-0.26,-0.47,1.37,3D Graphics - Monoscopic,Fair,Fair,Fair,Good
57,58,58,Within-and between-session prefrontal cortex response to virtual reality exposure therapy for acrophobia,"VRET, prefrontal cortex, fNIRS, phobia, virtual reality, anxiety",13,,,,,42.3,16.57,Projection Display,Unknown,"Healthcare and clinical therapies,Social Science and psychology",Exposure Therapy,Not Mentioned,Not Sure,,,1,Study 1,50,13,,,,,,,within-subject,each component,/Mean/SD/,Other,After,No,Correlation analysis,,,2,17,Whole Experiment,Whole Study,No,13,,,,,,5.29,3.96,3.96,5.38,4.43,0.93,1.27,1.28,0.96,1.02,,,,,,1,A Landowska; D Roberts; P Eachus�,2018,Frontiers in human��,ncbi.nlm.nih.gov,https://www.ncbi.nlm.nih.gov/pmc/articles/PMC6221970/,https://scholar.google.com/scholar?cites=10200413578083259654&as_sdt=2005&sciodt=0;5&hl=en,301,43628,HTML,,,,,,,,1,1,0,4,1,YES,Exposure Therapy,Unknown Scale,6.02,0.43,TRUE,6.45,-0.16,-0.16,1.38,1.29,-0.04,-0.04,1.38,Projection Display,Good,Fair,Good,Good
117,125,125,Here's Looking At You Anyway!: How Important is Realistic Gaze Behavior in Co-located Social Virtual Reality Games?,"Gaze Behavior, Social Virtual Reality, Eye Tracking, Head-mounted Display",42,24,17,18,53,27.5,,3D Graphics - HMD VR,Unknown,"Entertainment and game,Social Science and psychology",,,Not Sure,,45,1,Study 1,16,42,8/08/2008,6/06/2005,,,,,between-subject,each component,/Mean/SD/,Chart,After,No,Spearman’s correlation test,,,2,17,Whole Experiment,Whole Study,No,42,0,0,0,0,0,0,0,0,0,0,0,0,0,0,0,0,0,0,0,0,3,S Seele; S Misztal; H Buhler; R Herpers…,2017,Proceedings of the …,dl.acm.org,https://dl.acm.org/citation.cfm?id=3116619,https://scholar.google.com/scholar?cites=7497006300627109154&as_sdt=2005&sciodt=0;5&hl=en,316,43676,,,,,,,,,3,1.5,1,5,,YES,Gaze Behavior,Unknown Scale,-0.796666667,-0.056904762,TRUE,0.483333333,-2.013333333,0.733333333,1.38,0.096666667,-0.503333333,0.183333333,1.38,3D Graphics - HMD VR,Bad,Bad,Good,Good
5,5,5,A dose of reality: Overcoming usability challenges in vr head-mounted displays,"Virtual Reality, Augmented Virtuality, Engagement",28,,,,,,,3D Graphics - HMD VR,Unknown,Other,Engagement,Not Mentioned,Not Sure,,,3,Study 3,,12,11,1,,,27.8,4.76,within-subject,each component,/Mean/SD/,Other,Unknown,No,Friedman test,Wilcoxon's tests,,1,6,Whole Experiment,Whole Study,No,12,0,0,0,0,0,0,0,0,0,0,0,0,0,0,0,0,0,0,0,0,71,M McGill; D Boland; R Murray-Smith�,2015,Proceedings of the 33rd��,dl.acm.org,https://dl.acm.org/citation.cfm?id=2702382,https://scholar.google.com/scholar?cites=4358646427119301496&as_sdt=2005&sciodt=0;5&hl=en,155,43628,,,,,,,,,71,17.75,18,4,4,YES,Engagement,,9.49,0.677857143,TRUE,6.85,1.693333333,0.946666667,1.39,1.37,0.423333333,0.236666667,1.39,3D Graphics - HMD VR,Good,Fair,Excellent,Good
40,41,41,Self-transforming controllers for virtual reality first person shooters,"Virtual reality controller, shape-changing interfaces, authentic input device, first-person shooter",29,22,7,19,64,26.14,8.56,3D Graphics - HMD VR,Unknown,Interaction techniques,,Not Mentioned,Not Sure,,,1,Study 1,4,29,,,,,,,within-subject,each component,/Mean/SD/,Other,After,No,ANOVA,,,2,6,Whole Experiment,Whole Study,No,29,0,0,0,0,0,0,0,0,0,0,0,0,0,0,0,0,0,0,0,0,4,A Krekhov; K Emmerich; P Bergmann�,2017,Proceedings of the��,dl.acm.org,https://dl.acm.org/citation.cfm?id=3116615,https://scholar.google.com/scholar?cites=144676039135128325&as_sdt=2005&sciodt=0;5&hl=en,193,43628,,,,,,,,,4,2,1,4,2,YES,Controller,,7.54,0.538571429,TRUE,5.8,3.86,-2.12,1.395,1.16,0.965,-0.53,1.395,3D Graphics - HMD VR,Fair,Excellent,Fair,Good
52,53,53,Agency and Gender Influence Older Adults' Presence-Related Experiences in an Interactive Virtual Environment,"virtual reality, older adults, presence, immersion, flow, gender",78,31,47,54,90,67.65,8.36,3D Graphics - HMD VR,Unknown,Social Science and psychology,,German,Not Sure,,,1,Study 1,6,78,Dec-19,27/20,,,,,between-subject,each component,/Mean/SD/,Chart,Unknown,No,ANOVA,,,4,6,Whole Experiment,Whole Study,No,78,0,0,0,0,0,0,0,0,0,0,0,0,0,0,0,0,0,0,0,0,1,OD Kothgassner; A Goreis; JX Kafka�,2018,��; Behavior; and Social��,liebertpub.com,https://www.liebertpub.com/doi/abs/10.1089/cyber.2017.0691,https://scholar.google.com/scholar?cites=7010771530751205547&as_sdt=2005&sciodt=0;5&hl=en,181,43628,,,,,,,,,1,1,0,4,1,YES,Presence,Unknown Scale,19.66,1.404285714,TRUE,7.565,3.3075,7.385,1.4025,1.513,0.826875,1.84625,1.4025,3D Graphics - HMD VR,Excellent,Good,Best,Good
45,46,46,Cognitive processing and regulation modulates analogue trauma symptoms in a Virtual Reality paradigm,"Stress, Cognitive processing, Emotional response, Cognitive regulation, Appraisals, Emotion regulation, Intrusive memories, Analogue trauma, Virtual Reality",80,17,63,,,21.73,2.32,3D Graphics - HMD VR,Stereo sound,"Healthcare and clinical therapies,Social Science and psychology",,Not Mentioned,Not Sure,,,1,Study 1,,80,,,,,,,within-subject,each component,/Mean/SD/,Other,After,No,,,,2,6,Whole Experiment,Whole Study,No,80,,,,,,4.2,4.09,4.03,4.49,,0.71,0.5,0.74,1.35,,,,,,,2,T Schweizer; F Renner; D Sun; C Becker-Asano�,2019,Cognitive Therapy and��,Springer,https://link.springer.com/article/10.1007/s10608-018-9967-9,https://scholar.google.com/scholar?cites=10295130251723094259&as_sdt=2005&sciodt=0;5&hl=en,160,43628,HTML,,,,,,,,2,2,0,5,1,YES,Trauma,,14.48,1.034285714,TRUE,6,4.36,4.12,1.49,1.2,1.09,1.03,1.49,3D Graphics - HMD VR,Good,Excellent,Excellent,Good
78,79,79,Evaluating presence perception in video-mediated activities in real time,"Presence Perception, Gaze Tracking, Evaluate, Video, Education",22,,,,,,,Other,Stereo sound,Social Science and psychology,,Not Mentioned,Not Sure,,,1,Study 1,,22,,,,,,,between-subject,each component,/Mean//,Other,Unknown,No,TTest,,,2,-33,Whole Experiment,Whole Study,No,22,0,0,0,0,0,0,0,0,0,0,0,0,0,0,0,0,0,0,0,0,0,FY Obana; R Tori; E Ranzini,2015,Proceedings of the International��,search.proquest.com,http://search.proquest.com/openview/ec0d4e6d828f7569bfcd0b7f995ac43d/1?pq-origsite=gscholar&cbl=1976356,,121,43628,HTML,,,,,,,,0,0,0,3,4,YES,Perception,Unknown Scale,24.715,1.765357143,TRUE,9.575,7.24,7.9,1.585,1.915,1.81,1.975,1.585,3D Graphics - Monoscopic,Best,Best,Best,Excellent
102,107,107,Guidelines on successfully porting non-immersive games to virtual reality: a case study in minecraft,"Virtual reality, user study, video games, emotions, Minecraft",14,10,,18,31,21.07,3.76,"3D Graphics - Monoscopic,3D Graphics - HMD VR",Stereo sound,"Entertainment and game,Social Science and psychology",,Not Mentioned,Not Sure,,,1,Study 1,,14,,,,,,,within-subject,each component,/Mean/SD/,Chart,After,No,Linear mixed model,,,4,17,Whole Experiment,Whole Study,No,14,0,0,0,0,0,0,0,0,0,0,0,0,0,0,0,0,0,0,0,0,4,J Porter III; M Boyer; A Robb,2018,… of the 2018 Annual Symposium on …,dl.acm.org,https://dl.acm.org/citation.cfm?id=3242677,https://scholar.google.com/scholar?cites=3495142269655943602&as_sdt=2005&sciodt=0;5&hl=en,11,43676,,,,,,,,,4,4,1,,,YES,Game Porting,,8.273333333,0.590952381,TRUE,6.466666667,2.053333333,-0.246666667,1.608333333,1.293333333,0.513333333,-0.061666667,1.608333333,3D Graphics - Monoscopic,Good,Good,Good,Excellent
72,73,73,Haptic contact in immersive 360° cinematic environment,,32,21,11,18,36,26.25,,3D Graphics - HMD VR,Unknown,"Design and visualization,Other",Haptic,Not Mentioned,Not Sure,,,1,Study 1,,32,,,,,,,within-subject,each component,TotalScore//SD/,Other,After,No,ANOVA,,,2,6,Whole Experiment,Whole Study,No,32,22.03,15.84,12.75,,55.25,,,,,,5.84,5.88,4.51,,14.43,,,,,,0,P Sasikumar,2018,,ir.canterbury.ac.nz,https://ir.canterbury.ac.nz/handle/10092/15156,,299,43628,,,,,,,,,0,0,0,1,1,YES,Haptic,,13.25,0.946428571,TRUE,7.03,3.84,0.75,1.63,1.406,0.96,0.1875,1.63,3D Graphics - HMD VR,Excellent,Good,Good,Excellent
98,103,103,Virtual Conversation: Automated free speech dialogue with a computer character,,26,,,,,,,Projection Display,Stereo sound,"Healthcare and clinical therapies,Social Science and psychology",,Not Mentioned,Yes,,1.5,2,Study 2,,2,,,,,,,between-subject,each component,/Mean/SD/,Other,After,No,TTest,,,2,6,Whole Experiment,Whole Study,No,2,0,0,0,0,0,0,0,0,0,0,0,0,0,0,0,0,0,0,0,0,0,N Ter Heijden,2011,,repository.tudelft.nl,https://repository.tudelft.nl/islandora/object/uuid:f139cd09-1db6-439c-941a-f9a66dd9df6b/,,856,43627,,,,,,,,,0,0,0,1,,YES,Virtual Conversation,,11.47,0.819285714,TRUE,5.15,4.16,2.16,1.67,1.03,1.04,0.54,1.67,Projection Display,Fair,Excellent,Excellent,Excellent
130,138,138,Public speaking anxiety decreases within repeated virtual reality training sessions,,19,10,9,18,76,35.47,15.46,3D Graphics - HMD VR,Unknown,"Education and training,Healthcare and clinical therapies,Social Science and psychology",,Not Mentioned,Not Sure,,60,1,Study 1,,19,,,,,,,within-subject,each component,TotalScore//SD/,Other,After,No,Skew Kurtosis Analysis,,,2,6,Whole Experiment,Whole Study,No,19,20.26,16.63,10,4.68,46.89,,,,,,6.17,5.15,3.01,1.46,11.38,,,,,,0,M Takac; J Collett; KJ Blom; R Conduit; I Rehm…,2019,PloS one,journals.plos.org,https://journals.plos.org/plosone/article?id=10.1371/journal.pone.0216288,,445,43676,HTML,,,,,,,,0,0,0,6,,YES,Anxiety,,4.89,0.349285714,TRUE,5.26,4.63,-2,1.68,1.052,1.1575,-0.5,1.68,3D Graphics - HMD VR,Fair,Excellent,Fair,Excellent
70,71,71,Evaluating the Effects of Realistic Communication Disruptions in VR Training for Aerial Firefighting,"Virtual Reality, Simulation, Radio communications, Emergency services, Aerial firefighting",25,22,3,,,,,3D Graphics - Monoscopic,Surround sound,Education and training,,Not Mentioned,Not Sure,,,1,Study 1,,25,,,,,,,within-subject,each component,/Mean/SD/,Other,After,No,TTest,,,2,17,Whole Experiment,Whole Study,No,25,,,,,,5.31,4.6,3.1,5.72,4.5,0.864,1.53,0.51,1.021,0.7,,,,,,0,RMS Clifford; S Hoermann; N Marcadet�,2018,��on Virtual Worlds��,ieeexplore.ieee.org,https://ieeexplore.ieee.org/abstract/document/8493423/,,277,43628,,,,,,,,,0,0,0,4,1,YES,Training,,7,0.5,TRUE,6.55,2.4,-3.6,1.72,1.31,0.6,-0.9,1.72,3D Graphics - Monoscopic,Good,Good,Poor,Excellent
103,108,108,Evaluating the effects of realistic communication disruptions in VR training for aerial firefighting,"Virtual Reality, Simulation, Radio communications, Emergency services, Aerial firefighting",25,23,2,,,,,Projection Display,Surround sound,"Education and training,Social Science and psychology",,Not Mentioned,Not Sure,,,1,Study 1,,25,,,,,,,within-subject,each component,/Mean/SD/,Other,After,No,TTest,,,2,17,Whole Experiment,Whole Study,No,25,,,,,,5.31,4.6,3.1,5.72,4.5,0.864,1.53,0.51,1.021,0.7,,,,,,1,RMS Clifford; S Hoermann; N Marcadet…,2018,… on Virtual Worlds …,ieeexplore.ieee.org,https://ieeexplore.ieee.org/abstract/document/8493423/,https://scholar.google.com/scholar?cites=4691108702291629978&as_sdt=2005&sciodt=0;5&hl=en,15,43676,,,,,,,,,1,1,0,,,Yes,Training,,7,0.5,TRUE,6.55,2.4,-3.6,1.72,1.31,0.6,-0.9,1.72,Projection Display,Good,Good,Poor,Excellent
111,119,119,Service-field simulator using MR techniques: Behavior comparison in real and virtual environments,"Service­field  simulator,  behavior  comparison, augmented virtuality, omni­directional display, hands­free, avatar",5,2,3,,,,,Projection Display,Unknown,"Social Science and psychology,Other",Simulator,Not Mentioned,Not Sure,,,1,Study 1,,5,,,,,,,within-subject,each component,/Mean/SD/,Other,After,No,,,,2,6,Whole Experiment,Whole Study,No,5,,,,,,3.48,3.85,2,4.8,,1.29,0.76,0.35,0.8,,,,,,,10,J Hyun; Y Habuchi; A Park…,2010,Proceedings on …,pdfs.semanticscholar.org,https://pdfs.semanticscholar.org/9b35/26c5a1f8c2851ebe503ffb90d808bc4b7f46.pdf,https://scholar.google.com/scholar?cites=9940898064075571261&as_sdt=2005&sciodt=0;5&hl=en,111,43676,PDF,,,,,,,,10,1.11,3,4,,YES,Simulator,,1.8,0.128571429,TRUE,2.4,3.4,-4,1.8,0.48,0.85,-1,1.8,Projection Display,Fair,Good,Poor,Excellent
120,128,128,"'Keep Your Eyes on the Road, Kid!': Exploring the Potential of Virtual Reality Environments to Teach Children to Keep Their Attention While Biking",,11,6,5,22,27,23.8,,3D Graphics - HMD VR,Unknown,"Education and training,Social Science and psychology",,Not Mentioned,Not Sure,,,1,Study 1,,11,,,,,,,within-subject,each component,/Mean//,Other,After,No,,,,2,6,Whole Experiment,Whole Study,No,11,,,,,,4.32,4.69,2.93,4.82,,,,,,,,,,,,1,P Gagelas,2018,,essay.utwente.nl,https://essay.utwente.nl/75561/,https://scholar.google.com/scholar?cites=18428299114876641027&as_sdt=2005&sciodt=0;5&hl=en,420,43676,,,,,,,,,1,1,1,1,,YES,Attention,,13.08,0.934285714,TRUE,6.6,6.76,-0.28,1.82,1.32,1.69,-0.07,1.82,3D Graphics - HMD VR,Good,Best,Good,Excellent
101,106,106,Design of an immersive simulator for assisted power wheelchair driving,,9,,,11,38,,,Projection Display,No sound,"Design and visualization,Interaction techniques,Social Science and psychology",,Not Mentioned,Not Sure,,20,1,Study 1,,9,,,,,,,within-subject,each component,/Mean/SD/,Chart,After,No,,,,2,6,Whole Experiment,Whole Study,No,9,,,,,,4.21,3.32,2.42,4.89,3.72,0.51,0.63,0.62,0.6,1.07,,,,,,13,L Devigne; M Babel; F Nouviale…,2017,2017 International …,ieeexplore.ieee.org,https://ieeexplore.ieee.org/abstract/document/8009379/,https://scholar.google.com/scholar?cites=10980786202114750286&as_sdt=2005&sciodt=0;5&hl=en,9,43676,,,,,,,,,13,6.5,3,,,YES,Simulator,,10.08,0.72,TRUE,6.05,1.28,-2.32,1.89,1.21,0.32,-0.58,1.89,Projection Display,Good,Fair,Fair,Excellent
131,139,139,A Virtual Reality Environment Using Concepts of Serious Games and Gamification for the Treatment of Eating Disorders,,10,6,4,23,30,,,3D Graphics - HMD VR,Unknown,"Entertainment and game,Healthcare and clinical therapies,Social Science and psychology",,Not Mentioned,Not Sure,,,1,Study 1,,10,,,,,,,within-subject,each component,/Mean/SD/,Other,Unknown,No,,,,2,6,Whole Experiment,Whole Study,No,10,,,,,,5.34,4.8,4.35,4.91,,0.3,0.4,0.5,0.4,,,,,,,0,F Rodrigues; P Wilbert; JCT da Silva…,2019,Anais do XIX Simpósio …,sol.sbc.org.br,https://sol.sbc.org.br/index.php/sbcas/article/view/6249,,468,43676,,,,,,,,,0,0,0,4,,YES,Eating Disorder,,24.3,1.735714286,TRUE,11.7,7.2,5.4,1.91,2.34,1.8,1.35,1.91,3D Graphics - HMD VR,Best,Best,Best,Excellent
115,123,123,Assessing User Experience in Virtual Reality - A Comparison of Different Measurements,"User experience, Virtual reality, Evaluation framework",72,,12,,,32.11,8.68,3D Graphics - HMD VR,Stereo sound,"Design and visualization,Social Science and psychology",,German,Not Sure,,,1,Study 1,,72,,,,,,,within-subject,each component,/Mean/SD/,Other,After,No,Correlation test,,,2,17,Whole Experiment,Whole Study,No,72,,,,,,5.44,4.6,3.16,5.97,,0.86,1.28,1.27,0.66,,,,,,,4,C Wienrich; N Döllinger; S Kock; K Schindler…,2018,… Conference of Design …,Springer,https://link.springer.com/chapter/10.1007/978-3-319-91797-9_41,https://scholar.google.com/scholar?cites=7732979368725305344&as_sdt=2005&sciodt=0;5&hl=en,342,43676,,,,,,,,,4,4,1,5,,YES,Experience,Unknown Scale,6.24,0.445714286,TRUE,7.2,2.4,-3.36,1.97,1.44,0.6,-0.84,1.97,3D Graphics - HMD VR,Excellent,Good,Poor,Excellent
75,76,76,ReflectiveSpineVR: an immersive spine surgery simulation with interaction history capabilities,"Immersive Simulation, Spine Surgery, Interaction History, Education",6,5,1,,,,,3D Graphics - HMD VR,Unknown,"Design and visualization,Education and training,Healthcare and clinical therapies",,Not Mentioned,Not Sure,,,1,Study 1,,6,,,,,,,within-subject,each component,/Mean/SD/,Other,After,No,,,,2,17,Whole Experiment,Whole Study,No,6,,,,,64,6,4.1,3.41,6,,1,1,0.97,1,4.7,,,,,,0,AE Mostafa; WHA Ryu; K Takashima; S Chan�,2017,Proceedings of the 5th��,dl.acm.org,https://dl.acm.org/citation.cfm?id=3132174,,315,43628,,,,,,,,,0,0,0,5,2,YES,Simulation,,8,0.571428571,TRUE,10,0.4,-2.36,2,2,0.1,-0.59,2,3D Graphics - HMD VR,Best,Fair,Fair,Best
67,68,68,Live Delivery of Neurosurgical Operating Theatre Experience in Virtual Reality,"Virtual reality, 360-degree camera, Stereoscopic VR, Neurosurgery",22,17,5,,,,,3D Graphics - HMD VR,Unknown,"Healthcare and clinical therapies,Social Science and psychology",,,Not Sure,,,1,Study 1,,22,,,,,,,within-subject,each component,/Mean/SD/,Other,After,No,,,,2,-33,Whole Experiment,Whole Study,No,22,,,,,,1.2,0.88,0.6,2,,1.07,1.31,1.04,0.81,,,,,,,0,M Salmimaa; J Kimmel; T Jokela…,2018,… Symposium Digest of …,Wiley Online Library,https://onlinelibrary.wiley.com/doi/abs/10.1002/sdtp.12520,,261,43676,,,,,,,,,0,0,0,4,,DUPLICATED,,,11.92,0.851428571,TRUE,6,3.52,2.4,2,1.2,0.88,0.6,2,3D Graphics - HMD VR,Good,Good,Excellent,Best
91,94,94,Live delivery of neurosurgical operating theater experience in virtual reality,"Virtual reality, 360-degree camera, stereoscopic VR, neurosurgery",22,17,5,,,39,,3D Graphics - HMD VR,Unknown,"Healthcare and clinical therapies,Social Science and psychology",neurosurgery,Not Mentioned,Not Sure,,,1,Study 1,From 5 (some from 10 to 60 min),22,,,,,,,within-subject,each component,/Mean/SD/,Other,After,No,,,,2,-33,Whole Experiment,Whole Study,No,22,,,,,,1.2,0.88,0.6,2,,1.07,1.31,1.04,0.81,,,,,,,2,M Salmimaa; J Kimmel; T Jokela…,2018,Journal of the …,Wiley Online Library,https://onlinelibrary.wiley.com/doi/abs/10.1002/jsid.636,https://scholar.google.com/scholar?cites=10563553625733567521&as_sdt=2005&sciodt=0;5&hl=en,563,43627,,,,,,,,,2,2,1,4,,YES,Neurosurgical,,11.92,0.851428571,TRUE,6,3.52,2.4,2,1.2,0.88,0.6,2,3D Graphics - HMD VR,Good,Good,Excellent,Best
97,101,101,"The effects of augmented virtuality on presence, workload, and input performance",,21,,,19,25,,,3D Graphics - HMD VR,Stereo sound,"Social Science and psychology,Other",,Not Mentioned,Not Sure,,,1,Study 1,,21,,,,,,,between-subject,each component,/Mean/SD/,Other,Unknown,No,Mann-Whitney U test,,,2,6,Whole Experiment,Whole Study,No,21,0,0,0,0,0,0,0,0,0,0,0,0,0,0,0,0,0,0,0,0,0,J Clarkson,2018,,open.uct.ac.za,https://open.uct.ac.za/handle/11427/29492,,831,43627,,,,,,,,,0,0,0,1,,YES,Augmented Virtuality,,11.955,0.853928571,TRUE,9.375,3.3,-0.72,2.075,1.875,0.825,-0.18,2.075,3D Graphics - HMD VR,Best,Good,Good,Best
68,69,69,"A comparative study of virtual reality methods of interaction and locomotion based on presence, cybersickness and usability","Human-computer interaction, Virtual reality, Interaction Techniques, Virtual environment modeling",48,24,24,18,62,30.59,11.996,3D Graphics - HMD VR,Stereo sound,"Interaction techniques,Social Science and psychology",,Not Mentioned,Not Sure,,,1,Study 1,,48,,,,,,,within-subject,each component,/Mean/SD/,Other,Unknown,No,Friedman’s test; Wilcoxon Signed-Ranks,,,2,6,Whole Experiment,Whole Study,No,48,,,,,,4.79,4.46,3.04,5.112,,0.85,1.13,0.996,1.04,,,,,,,0,J Mayor; L Raya; A Sanchez,2019,IEEE Transactions on Emerging��,ieeexplore.ieee.org,https://ieeexplore.ieee.org/abstract/document/8708972/,,256,43628,,,,,,,,,0,0,0,3,1,YES,Interaction Techniques,,14.95,1.067857143,TRUE,8.95,5.84,0.16,2.112,1.79,1.46,0.04,2.112,3D Graphics - HMD VR,Excellent,Best,Good,Best
126,134,134,Virtual Reality Based Simulation Testbed for Evaluation of Autonomous Vehicle Behavior Algorithms,,10,7,3,18,25,,,3D Graphics - HMD VR,Unknown,"Design and visualization,Interaction techniques,Social Science and psychology",,Not Mentioned,Not Sure,,,1,Study 1,,10,,,,,,,within-subject,each component,/Mean/SD/,Chart,After,No,,,,2,6,Whole Experiment,Whole Study,No,10,,,,,,5.18,4.28,4.23,5.28,,0.61,0.5,0.44,0.66,,,,,,,0,V Rastogi,2017,,tigerprints.clemson.edu,https://tigerprints.clemson.edu/all_theses/2773/,,358,43676,,,,,,,,,0,0,0,1,,YES,Simulation,,20.94,1.495714286,TRUE,10.9,5.12,4.92,2.28,2.18,1.28,1.23,2.28,3D Graphics - HMD VR,Best,Excellent,Excellent,Best
112,120,120,Development and evaluation of a virtual reality-system with integrated tracking of extremities under the aspect of Acrophobia,"Virtual Reality, Oculus Rift, Microsoft Kinect, Avatar, Anxiety Disorder, Head Mounted Display, Virtual Reality Exposure Therapy, Motion Tracking, VRET, HMD, VR",42,,,,,,,3D Graphics - HMD VR,No sound,"Healthcare and clinical therapies,Social Science and psychology",System,Not Mentioned,Not Sure,,,1,Study 1,,42,13/14,7-Jun,,,,,within-subject,each component,/Mean/SD/,Other,After,No,TTest,,,2,6,Whole Experiment,Whole Study,No,42,0,0,0,0,0,0,0,0,0,0,0,0,0,0,0,0,0,0,0,0,9,P Schäfer; M Koller; J Diemer…,2015,2015 SAI Intelligent …,ieeexplore.ieee.org,https://ieeexplore.ieee.org/abstract/document/7361173/,https://scholar.google.com/scholar?cites=14402482774299237483&as_sdt=2005&sciodt=0;5&hl=en,130,43676,,,,,,,,,9,2.25,2,4,,YES,Acrophobia,Unknown Scale,22.54,1.61,TRUE,9,7.24,3.8,2.5,1.8,1.81,0.95,2.5,3D Graphics - HMD VR,Best,Best,Excellent,Best
